{
    "animation": [
        {
            "name": "Root",
            "time": [0.0, 0.3333, 0.8333, 1.3333, 1.6667],
            "transform": [
                [0.780084, -0.061987, -0.622596, -5e-06, -0.616013, -0.250288, -0.746916, 0.000946, -0.109529, 0.966185, -0.23343, 0.614777, 0.0, 0.0, 0.0, 1.0],
                [0.780084, -0.061987, -0.622596, -5e-06, -0.616013, -0.250288, -0.746916, 0.000946, -0.109529, 0.966185, -0.23343, 0.614777, 0.0, 0.0, 0.0, 1.0],
                [0.780084, -0.061987, -0.622596, -5e-06, -0.616013, -0.250288, -0.746916, 0.000946, -0.109529, 0.966185, -0.23343, 0.566233, 0.0, 0.0, 0.0, 1.0],
                [0.780084, -0.061987, -0.622596, -5e-06, -0.616013, -0.250288, -0.746916, 0.000946, -0.109529, 0.966185, -0.23343, 0.566233, 0.0, 0.0, 0.0, 1.0],
                [0.780084, -0.061987, -0.622596, -5e-06, -0.616013, -0.250288, -0.746916, 0.000946, -0.109529, 0.966185, -0.23343, 0.614777, 0.0, 0.0, 0.0, 1.0]
            ]
        },
        {
            "name": "Thigh_R",
            "time": [0.0, 0.3333, 0.8333, 1.3333, 1.6667],
            "transform": [
                [0.77942, 0.139907, -0.61068, 0.139708, 0.089403, -0.989607, -0.112613, 0.00723, -0.620089, 0.033176, -0.78383, -0.042079, 0.0, 0.0, 0.0, 1.0],
                [0.77942, 0.139907, -0.61068, 0.139708, 0.089403, -0.989607, -0.112613, 0.00723, -0.620089, 0.033176, -0.78383, -0.042079, 0.0, 0.0, 0.0, 1.0],
                [0.815222, -0.101336, -0.570213, 0.139708, 0.077043, -0.956845, 0.280195, 0.00723, -0.574, -0.272351, -0.772236, -0.042079, 0.0, 0.0, 0.0, 1.0],
                [0.815222, -0.101336, -0.570213, 0.139708, 0.077043, -0.956845, 0.280195, 0.00723, -0.574, -0.272351, -0.772236, -0.042079, 0.0, 0.0, 0.0, 1.0],
                [0.77942, 0.139907, -0.61068, 0.139708, 0.089403, -0.989607, -0.112613, 0.00723, -0.620089, 0.033176, -0.78383, -0.042079, 0.0, 0.0, 0.0, 1.0]
            ]
        },
        {
            "name": "Leg_R",
            "time": [0.0, 0.3333, 0.8333, 1.3333, 1.6667],
            "transform": [
                [1.0, -0.0, 1e-06, 0.0, -0.0, 0.965677, 0.259748, 0.374726, -1e-06, -0.259748, 0.965676, 0.0, 0.0, 0.0, 0.0, 1.0],
                [1.0, -0.0, 1e-06, 0.0, -0.0, 0.965677, 0.259748, 0.374726, -1e-06, -0.259748, 0.965676, 0.0, 0.0, 0.0, 0.0, 1.0],
                [1.0, -1e-06, 1e-06, -0.0, -0.0, 0.321645, 0.94686, 0.374726, -1e-06, -0.946861, 0.321645, -0.0, 0.0, 0.0, 0.0, 1.0],
                [1.0, -1e-06, 1e-06, -0.0, -0.0, 0.321645, 0.94686, 0.374726, -1e-06, -0.946861, 0.321645, -0.0, 0.0, 0.0, 0.0, 1.0],
                [1.0, -0.0, 1e-06, 0.0, -0.0, 0.965677, 0.259748, 0.374726, -1e-06, -0.259748, 0.965676, 0.0, 0.0, 0.0, 0.0, 1.0]
            ]
        },
        {
            "name": "Knee_R",
            "time": [0.0, 0.3333, 0.8333, 1.3333, 1.6667],
            "transform": [
                [1.0, 0.0, 0.0, 0.0, -0.0, 1e-06, -1.0, 0.399479, -0.0, 1.0, 1e-06, 0.0, 0.0, 0.0, 0.0, 1.0],
                [1.0, 0.0, 0.0, 0.0, -0.0, 1e-06, -1.0, 0.399479, -0.0, 1.0, 1e-06, 0.0, 0.0, 0.0, 0.0, 1.0],
                [1.0, 0.0, 0.0, -0.0, 0.0, 1e-06, -1.0, 0.399479, -0.0, 1.0, 1e-06, 0.0, 0.0, 0.0, 0.0, 1.0],
                [1.0, 0.0, 0.0, -0.0, 0.0, 1e-06, -1.0, 0.399479, -0.0, 1.0, 1e-06, 0.0, 0.0, 0.0, 0.0, 1.0],
                [1.0, 0.0, 0.0, 0.0, -0.0, 1e-06, -1.0, 0.399479, -0.0, 1.0, 1e-06, 0.0, 0.0, 0.0, 0.0, 1.0]
            ]
        },
        {
            "name": "Thigh_L",
            "time": [0.0, 0.3333, 0.8333, 1.3333, 1.6667],
            "transform": [
                [0.829837, -0.145672, -0.538655, -0.030258, -0.139173, -0.988848, 0.053015, 0.026454, -0.540371, 0.030973, -0.840856, 0.115787, 0.0, 0.0, 0.0, 1.0],
                [0.829837, -0.145672, -0.538655, -0.030258, -0.139173, -0.988848, 0.053015, 0.026454, -0.540371, 0.030973, -0.840856, 0.115787, 0.0, 0.0, 0.0, 1.0],
                [-0.139579, -0.677853, -0.721825, -0.084407, -0.077172, -0.719297, 0.690402, -0.015613, -0.987198, 0.152071, 0.048088, 0.174542, 0.0, 0.0, 0.0, 1.0],
                [-0.139579, -0.677853, -0.721825, -0.084407, -0.077172, -0.719297, 0.690402, -0.015613, -0.987198, 0.152071, 0.048088, 0.174542, 0.0, 0.0, 0.0, 1.0],
                [0.829837, -0.145672, -0.538655, -0.030258, -0.139173, -0.988848, 0.053015, 0.026454, -0.540371, 0.030973, -0.840856, 0.115787, 0.0, 0.0, 0.0, 1.0]
            ]
        },
        {
            "name": "Leg_L",
            "time": [0.0, 0.3333, 0.8333, 1.3333, 1.6667],
            "transform": [
                [1.0, -0.0, 1e-06, 0.0, -0.0, 0.906733, 0.421706, 0.374726, -1e-06, -0.421705, 0.906733, 0.0, 0.0, 0.0, 0.0, 1.0],
                [1.0, -0.0, 1e-06, 0.0, -0.0, 0.906733, 0.421706, 0.374726, -1e-06, -0.421705, 0.906733, 0.0, 0.0, 0.0, 0.0, 1.0],
                [1.0, -1e-06, 1e-06, 0.0, -0.0, 0.657615, 0.753354, 0.374726, -1e-06, -0.753354, 0.657616, 0.0, 0.0, 0.0, 0.0, 1.0],
                [1.0, -1e-06, 1e-06, 0.0, -0.0, 0.657615, 0.753354, 0.374726, -1e-06, -0.753354, 0.657616, 0.0, 0.0, 0.0, 0.0, 1.0],
                [1.0, -0.0, 1e-06, 0.0, -0.0, 0.906733, 0.421706, 0.374726, -1e-06, -0.421705, 0.906733, 0.0, 0.0, 0.0, 0.0, 1.0]
            ]
        },
        {
            "name": "Knee_L",
            "time": [0.0, 0.3333, 0.8333, 1.3333, 1.6667],
            "transform": [
                [1.0, 0.0, 0.0, 0.0, 0.0, 1e-06, -1.0, 0.37472, -0.0, 1.0, 1e-06, -0.0, 0.0, 0.0, 0.0, 1.0],
                [1.0, 0.0, 0.0, 0.0, 0.0, 1e-06, -1.0, 0.37472, -0.0, 1.0, 1e-06, -0.0, 0.0, 0.0, 0.0, 1.0],
                [1.0, 0.0, 0.0, 0.0, 0.0, 1e-06, -1.0, 0.37472, 0.0, 1.0, 1e-06, 0.0, 0.0, 0.0, 0.0, 1.0],
                [1.0, 0.0, 0.0, 0.0, 0.0, 1e-06, -1.0, 0.37472, 0.0, 1.0, 1e-06, 0.0, 0.0, 0.0, 0.0, 1.0],
                [1.0, 0.0, 0.0, 0.0, 0.0, 1e-06, -1.0, 0.37472, -0.0, 1.0, 1e-06, -0.0, 0.0, 0.0, 0.0, 1.0]
            ]
        },
        {
            "name": "Torso",
            "time": [0.0, 0.3333, 0.8333, 1.3333, 1.6667],
            "transform": [
                [0.844692, -0.096263, 0.526525, -0.0, -0.008458, 0.981172, 0.192953, 0.05, -0.535185, -0.167439, 0.827974, 0.0, 0.0, 0.0, 0.0, 1.0],
                [0.844692, -0.096263, 0.526525, -0.0, -0.008458, 0.981172, 0.192953, 0.05, -0.535185, -0.167439, 0.827974, 0.0, 0.0, 0.0, 0.0, 1.0],
                [0.844692, -0.096263, 0.526525, -0.0, -0.008458, 0.981172, 0.192953, 0.05, -0.535185, -0.167439, 0.827974, -0.0, 0.0, 0.0, 0.0, 1.0],
                [0.844692, -0.096263, 0.526525, -0.0, -0.008458, 0.981172, 0.192953, 0.05, -0.535185, -0.167439, 0.827974, -0.0, 0.0, 0.0, 0.0, 1.0],
                [0.844692, -0.096263, 0.526525, -0.0, -0.008458, 0.981172, 0.192953, 0.05, -0.535185, -0.167439, 0.827974, 0.0, 0.0, 0.0, 0.0, 1.0]
            ]
        },
        {
            "name": "Chest",
            "time": [0.0, 0.3333, 0.8333, 1.3333, 1.6667],
            "transform": [
                [0.98423, -0.054921, 0.168151, -0.0, -0.008604, 0.934592, 0.355618, 0.3, -0.176683, -0.351456, 0.919381, 0.0, 0.0, 0.0, 0.0, 1.0],
                [0.929283, -0.105968, 0.353842, -0.0, 0.281276, 0.823931, -0.491958, 0.3, -0.239409, 0.556695, 0.795471, 0.0, 0.0, 0.0, 0.0, 1.0],
                [0.968024, 0.060401, 0.243478, 0.0, -0.206666, 0.742169, 0.637554, 0.3, -0.142193, -0.667486, 0.73092, 0.0, 0.0, 0.0, 0.0, 1.0],
                [0.968024, 0.060401, 0.243478, 0.0, -0.206666, 0.742169, 0.637554, 0.3, -0.142193, -0.667486, 0.73092, 0.0, 0.0, 0.0, 0.0, 1.0],
                [0.98423, -0.054921, 0.168151, -0.0, -0.008604, 0.934592, 0.355618, 0.3, -0.176683, -0.351456, 0.919381, 0.0, 0.0, 0.0, 0.0, 1.0]
            ]
        },
        {
            "name": "Head",
            "time": [0.0, 0.3333, 0.8333, 1.3333, 1.6667],