{
    "animation": [
        {
            "name": "Root",
            "time": [0.0, 0.4167, 4.6667, 5.0],
            "transform": [
                [0.975026, 0.0, 0.222089, 1.7e-05, 0.222089, 0.0, -0.975026, 0.000905, 0.0, 1.0, 0.0, 0.719394, 0.0, 0.0, 0.0, 1.0],
                [0.975026, 0.0, 0.222089, 1.7e-05, 0.222089, 0.0, -0.975026, 0.000905, 0.0, 1.0, 0.0, 0.719394, 0.0, 0.0, 0.0, 1.0],
                [0.975026, 0.0, 0.222089, 1.7e-05, 0.222089, 0.0, -0.975026, 0.000905, 0.0, 1.0, 0.0, 0.719394, 0.0, 0.0, 0.0, 1.0],
                [0.975026, 0.0, 0.222089, 1.7e-05, 0.222089, 0.0, -0.975026, 0.000905, 0.0, 1.0, 0.0, 0.719394, 0.0, 0.0, 0.0, 1.0]
            ]
        },
        {
            "name": "Thigh_R",
            "time": [0.0, 0.4167, 4.6667, 5.0],
            "transform": [
                [0.972745, 0.125659, 0.194875, 0.124994, 0.105377, -0.988195, 0.111204, -0.002831, 0.206548, -0.087637, -0.974504, -1.2e-05, 0.0, 0.0, 0.0, 1.0],
                [0.972745, 0.125659, 0.194875, 0.124994, 0.105377, -0.988195, 0.111204, -0.002831, 0.206548, -0.087637, -0.974504, -1.2e-05, 0.0, 0.0, 0.0, 1.0],
                [0.972745, 0.125659, 0.194875, 0.124994, 0.105377, -0.988195, 0.111204, -0.002831, 0.206548, -0.087637, -0.974504, -1.2e-05, 0.0, 0.0, 0.0, 1.0],
                [0.972745, 0.125659, 0.194875, 0.124994, 0.105377, -0.988195, 0.111204, -0.002831, 0.206548, -0.087637, -0.974504, -1.2e-05, 0.0, 0.0, 0.0, 1.0]
            ]
        },
        {
            "name": "Leg_R",
            "time": [0.0, 0.4167, 4.6667, 5.0],
            "transform": [
                [1.0, -0.0, 1e-06, 0.0, -0.0, 0.972154, 0.234356, 0.374726, -1e-06, -0.234358, 0.972147, -0.0, 0.0, 0.0, 0.0, 1.0],
                [1.0, -0.0, 1e-06, 0.0, -0.0, 0.972154, 0.234356, 0.374726, -1e-06, -0.234358, 0.972147, -0.0, 0.0, 0.0, 0.0, 1.0],
                [1.0, -0.0, 1e-06, 0.0, -0.0, 0.972154, 0.234356, 0.374726, -1e-06, -0.234358, 0.972147, -0.0, 0.0, 0.0, 0.0, 1.0],
                [1.0, -0.0, 1e-06, 0.0, -0.0, 0.972154, 0.234356, 0.374726, -1e-06, -0.234358, 0.972147, -0.0, 0.0, 0.0, 0.0, 1.0]
            ]
        },
        {
            "name": "Knee_R",
            "time": [0.0, 0.4167, 4.6667, 5.0],
            "transform": [
                [1.0, -0.0, 0.0, -0.0, 0.0, -0.0, -1.0, 0.37472, 0.0, 1.0, 0.0, -0.0, 0.0, 0.0, 0.0, 1.0],
                [1.0, -0.0, 0.0, -0.0, 0.0, -0.0, -1.0, 0.37472, 0.0, 1.0, 0.0, -0.0, 0.0, 0.0, 0.0, 1.0],
                [1.0, -0.0, 0.0, -0.0, 0.0, -0.0, -1.0, 0.37472, 0.0, 1.0, 0.0, -0.0, 0.0, 0.0, 0.0, 1.0],
                [1.0, -0.0, 0.0, -0.0, 0.0, -0.0, -1.0, 0.37472, 0.0, 1.0, 0.0, -0.0, 0.0, 0.0, 0.0, 1.0]
            ]
        },
        {
            "name": "Thigh_L",
            "time": [0.0, 0.4167, 4.6667, 5.0],
            "transform": [
                [0.989059, -0.078802, -0.124711, -0.125006, -0.032298, -0.940537, 0.338155, -0.002831, -0.143942, -0.330427, -0.932791, -1.2e-05, 0.0, 0.0, 0.0, 1.0],
                [0.989059, -0.078802, -0.124711, -0.125006, -0.032298, -0.940537, 0.338155, -0.002831, -0.143942, -0.330427, -0.932791, -1.2e-05, 0.0, 0.0, 0.0, 1.0],
                [0.989059, -0.078802, -0.124711, -0.125006, -0.032298, -0.940537, 0.338155, -0.002831, -0.143942, -0.330427, -0.932791, -1.2e-05, 0.0, 0.0, 0.0, 1.0],
                [0.989059, -0.078802, -0.124711, -0.125006, -0.032298, -0.940537, 0.338155, -0.002831, -0.143942, -0.330427, -0.932791, -1.2e-05, 0.0, 0.0, 0.0, 1.0]
            ]
        },
        {
            "name": "Leg_L",
            "time": [0.0, 0.4167, 4.6667, 5.0],
            "transform": [
                [1.0, -0.0, 1e-06, -0.0, -0.0, 0.933777, 0.357858, 0.374726, -1e-06, -0.357859, 0.933774, -0.0, 0.0, 0.0, 0.0, 1.0],
                [1.0, -0.0, 1e-06, -0.0, -0.0, 0.933777, 0.357858, 0.374726, -1e-06, -0.357859, 0.933774, -0.0, 0.0, 0.0, 0.0, 1.0],
                [1.0, -0.0, 1e-06, -0.0, -0.0, 0.933777, 0.357858, 0.374726, -1e-06, -0.357859, 0.933774, -0.0, 0.0, 0.0, 0.0, 1.0],
                [1.0, -0.0, 1e-06, -0.0, -0.0, 0.933777, 0.357858, 0.374726, -1e-06, -0.357859, 0.933774, -0.0, 0.0, 0.0, 0.0, 1.0]
            ]
        },
        {
            "name": "Knee_L",
            "time": [0.0, 0.4167, 4.6667, 5.0],
            "transform": [
                [1.0, 0.0, -0.0, -0.0, -0.0, 0.0, -1.0, 0.37472, 0.0, 1.0, 0.0, -0.0, 0.0, 0.0, 0.0, 1.0],
                [1.0, 0.0, -0.0, -0.0, -0.0, 0.0, -1.0, 0.37472, 0.0, 1.0, 0.0, -0.0, 0.0, 0.0, 0.0, 1.0],
                [1.0, 0.0, -0.0, -0.0, -0.0, 0.0, -1.0, 0.37472, 0.0, 1.0, 0.0, -0.0, 0.0, 0.0, 0.0, 1.0],
                [1.0, 0.0, -0.0, -0.0, -0.0, 0.0, -1.0, 0.37472, 0.0, 1.0, 0.0, -0.0, 0.0, 0.0, 0.0, 1.0]
            ]
        },
        {
            "name": "Torso",
            "time": [0.0, 0.4167, 4.6667, 5.0],
            "transform": [
                [1.0, 0.0, 0.0, 0.0, 0.0, 0.991761, -0.128102, 0.05, -0.0, 0.128102, 0.991761, -0.0, 0.0, 0.0, 0.0, 1.0],
                [1.0, 0.0, 0.0, 0.0, 0.0, 0.991761, -0.128102, 0.05, -0.0, 0.128102, 0.991761, -0.0, 0.0, 0.0, 0.0, 1.0],
                [1.0, 0.0, 0.0, 0.0, 0.0, 0.991761, -0.128102, 0.05, -0.0, 0.128102, 0.991761, -0.0, 0.0, 0.0, 0.0, 1.0],
                [1.0, 0.0, 0.0, 0.0, 0.0, 0.991761, -0.128102, 0.05, -0.0, 0.128102, 0.991761, -0.0, 0.0, 0.0, 0.0, 1.0]
            ]
        },
        {
            "name": "Chest",
            "time": [0.0, 0.4167, 4.6667, 5.0],
            "transform": [
                [1.0, 0.0, 0.0, 0.0, -0.0, 0.983532, 0.180733, 0.3, -0.0, -0.180733, 0.983532, 0.0, 0.0, 0.0, 0.0, 1.0],
                [1.0, 0.0, 0.0, 0.0, -0.0, 0.983532, 0.180733, 0.3, -0.0, -0.180733, 0.983532, 0.0, 0.0, 0.0, 0.0, 1.0],
                [1.0, 0.0, 0.0, 0.0, -0.0, 0.983532, 0.180733, 0.3, -0.0, -0.180733, 0.983532, 0.0, 0.0, 0.0, 0.0, 1.0],
                [1.0, 0.0, 0.0, 0.0, -0.0, 0.983532, 0.180733, 0.3, -0.0, -0.180733, 0.983532, 0.0, 0.0, 0.0, 0.0, 1.0]
            ]
        },
        {
            "name": "Head",
            "time": [0.0, 0.4167, 4.6667, 5.0],
            "transform": [
                [0.957384, 0.021695, -0.288003, -0.0, -0.009963, 0.999061, 0.042137, 0.4, 0.288647, -0.037472, 0.956703, 0.0, 0.0, 0.0, 0.0, 1.0],
                [0.957384, 0.021695, -0.288003, -0.0, -0.009963, 0.999061, 0.042137, 0.4, 0.288647, -0.037472, 0.956703, 0.0, 0.0, 0.0, 0.0, 1.0],
                [0.957384, 0.021695, -0.288003, -0.0, -0.009963, 0.999061, 0.042137, 0.4, 0.288647, -0.037472, 0.956703, 0.0, 0.0, 0.0, 0.0, 1.0],
                [0.957384, 0.021695, -0.288003, -0.0, -0.009963, 0.999061, 0.042137, 0.4, 0.288647, -0.037472, 0.956703, 0.0, 0.0, 0.0, 0.0, 1.0]
            ]
        },
        {
            "name": "Shoulder_R",
            "time": [0.0, 0.4167, 4.6667, 5.0],
            "transform": [
                [-0.224873, 0.889421, 0.397958, -0.0, 0.027309, -0.402508, 0.915008, 0.4, 0.974006, 0.21663, 0.066223, 0.0, 0.0, 0.0, 0.0, 1.0],
                [0.01099, 0.854457, 0.519411, -0.0, -0.610654, -0.405599, 0.680141, 0.4, 0.791822, -0.324658, 0.517316, 0.0, 0.0, 0.0, 0.0, 1.0],
                [0.01099, 0.854457, 0.519411, -0.0, -0.610654, -0.405599, 0.680141, 0.4, 0.791822, -0.324658, 0.517316, 0.0, 0.0, 0.0, 0.0, 1.0],
                [-0.224873, 0.889421, 0.397958, -0.0, 0.027309, -0.402508, 0.915008, 0.4, 0.974006, 0.21663, 0.066223, 0.0, 0.0, 0.0, 0.0, 1.0]
            ]
        },
        {
            "name": "Arm_R",
            "time": [0.0, 0.4167, 4.6667, 5.0],