{
    "animation": [
        {
            "name": "Root",
            "time": [0.0, 0.6667, 1.0, 1.6667, 3.3333, 4.0],
            "transform": [
                [0.999454, 0.017044, -0.028292, 0.003291, -0.017206, 0.999837, -0.00549, 0.12014, 0.028193, 0.005974, 0.999585, 0.125927, 0.0, 0.0, 0.0, 1.0],
                [0.999454, 0.017044, -0.028292, 0.003291, -0.026794, 0.919241, -0.392781, 0.0868, 0.019312, 0.393325, 0.919197, 0.290169, 0.0, 0.0, 0.0, 1.0],
                [0.999454, 0.017044, -0.028292, 0.003291, -0.026794, 0.919241, -0.392781, 0.0868, 0.019312, 0.393325, 0.919197, 0.290169, 0.0, 0.0, 0.0, 1.0],
                [0.999454, 0.017044, -0.028292, 0.003291, -0.029017, 0.862255, -0.505642, 0.076893, 0.015777, 0.506187, 0.862279, 0.338972, 0.0, 0.0, 0.0, 1.0],
                [0.999454, 0.017044, -0.028292, 0.003291, -0.027681, -0.035074, -0.999001, -0.008457, -0.018019, 0.999239, -0.034583, 0.686465, 0.0, 0.0, 0.0, 1.0],
                [0.999454, 0.017044, -0.028292, 0.003291, -0.027681, -0.035074, -0.999001, -0.008457, -0.018019, 0.999239, -0.034583, 0.686465, 0.0, 0.0, 0.0, 1.0]
            ]
        },
        {
            "name": "Thigh_R",
            "time": [0.0, 0.6667, 1.0, 1.6667, 3.3333, 4.0],
            "transform": [
                [0.967092, 0.232032, 0.104371, 0.124994, 0.202792, -0.950718, 0.234539, -0.002831, 0.153648, -0.205655, -0.966488, -1.2e-05, 0.0, 0.0, 0.0, 1.0],
                [0.946208, 0.323095, -0.017279, 0.124994, 0.263858, -0.739612, 0.619154, -0.002831, 0.187266, -0.590407, -0.78508, -1.2e-05, 0.0, 0.0, 0.0, 1.0],
                [0.946208, 0.323095, -0.017279, 0.124994, 0.263858, -0.739612, 0.619154, -0.002831, 0.187266, -0.590407, -0.78508, -1.2e-05, 0.0, 0.0, 0.0, 1.0],
                [0.998133, -0.007588, 0.060599, 0.124994, -0.03048, 0.797946, 0.601955, -0.002831, -0.052923, -0.602677, 0.796227, -1.2e-05, 0.0, 0.0, 0.0, 1.0],
                [0.967092, 0.232032, 0.104372, 0.124994, 0.202792, -0.950718, 0.234538, -0.002831, 0.153649, -0.205654, -0.966488, -1.2e-05, 0.0, 0.0, 0.0, 1.0],
                [0.967092, 0.232032, 0.104372, 0.124994, 0.202792, -0.950718, 0.234538, -0.002831, 0.153649, -0.205654, -0.966488, -1.2e-05, 0.0, 0.0, 0.0, 1.0]
            ]
        },
        {
            "name": "Leg_R",
            "time": [0.0, 0.6667, 1.0, 1.6667, 3.3333, 4.0],
            "transform": [
                [1.0, -0.0, 1e-06, 0.0, -0.0, 0.918362, 0.395746, 0.374726, -1e-06, -0.395747, 0.918357, 0.0, 0.0, 0.0, 0.0, 1.0],
                [1.0, -1e-06, 0.0, -0.0, -0.0, 0.182158, 0.983268, 0.374726, -1e-06, -0.98327, 0.182157, -0.0, 0.0, 0.0, 0.0, 1.0],
                [1.0, -1e-06, 0.0, -0.0, -0.0, 0.182158, 0.983268, 0.374726, -1e-06, -0.98327, 0.182157, -0.0, 0.0, 0.0, 0.0, 1.0],
                [1.0, -1e-06, 0.0, 0.0, -0.0, 0.155346, 0.987859, 0.374726, -1e-06, -0.98786, 0.155345, 0.0, 0.0, 0.0, 0.0, 1.0],
                [1.0, -0.0, 1e-06, 0.0, -0.0, 0.918363, 0.395743, 0.374726, -1e-06, -0.395744, 0.918358, -0.0, 0.0, 0.0, 0.0, 1.0],
                [1.0, -0.0, 1e-06, 0.0, -0.0, 0.918363, 0.395743, 0.374726, -1e-06, -0.395744, 0.918358, -0.0, 0.0, 0.0, 0.0, 1.0]
            ]
        },
        {
            "name": "Knee_R",
            "time": [0.0, 4.0],
            "transform": [
                [1.0, 0.0, -0.0, 0.0, -0.0, 0.00567, -0.999984, 0.374726, -0.0, 0.999984, 0.00567, 0.0, 0.0, 0.0, 0.0, 1.0],
                [1.0, 0.0, -0.0, 0.0, -0.0, 0.00567, -0.999984, 0.374726, -0.0, 0.999984, 0.00567, 0.0, 0.0, 0.0, 0.0, 1.0]
            ]
        },
        {
            "name": "Thigh_L",
            "time": [0.0, 0.6667, 1.0, 1.6667, 3.3333, 4.0],
            "transform": [
                [0.980308, -0.176264, -0.089029, -0.125006, -0.150002, -0.957898, 0.244804, -0.002831, -0.128431, -0.226629, -0.965476, -1.2e-05, 0.0, 0.0, 0.0, 1.0],
                [0.867639, -0.444605, -0.222547, -0.125006, -0.198109, -0.719689, 0.665433, -0.002831, -0.45602, -0.533267, -0.712511, -1.2e-05, 0.0, 0.0, 0.0, 1.0],
                [0.867639, -0.444605, -0.222547, -0.125006, -0.198109, -0.719689, 0.665433, -0.002831, -0.45602, -0.533267, -0.712511, -1.2e-05, 0.0, 0.0, 0.0, 1.0],
                [0.869119, -0.460209, -0.181213, -0.125006, -0.2057, -0.669517, 0.713746, -0.002831, -0.449798, -0.583055, -0.676555, -1.2e-05, 0.0, 0.0, 0.0, 1.0],
                [0.978054, -0.179872, -0.105145, -0.125006, -0.149482, -0.957347, 0.247267, -0.002831, -0.145136, -0.226123, -0.963225, -1.2e-05, 0.0, 0.0, 0.0, 1.0],
                [0.978054, -0.179872, -0.105145, -0.125006, -0.149482, -0.957347, 0.247267, -0.002831, -0.145136, -0.226123, -0.963225, -1.2e-05, 0.0, 0.0, 0.0, 1.0]
            ]
        },
        {
            "name": "Leg_L",
            "time": [0.0, 0.6667, 1.0, 1.6667, 3.3333, 4.0],
            "transform": [
                [1.0, -0.0, 1e-06, -0.0, -0.0, 0.904589, 0.426284, 0.374726, -1e-06, -0.426284, 0.90459, 0.0, 0.0, 0.0, 0.0, 1.0],
                [1.0, -1e-06, 0.0, 0.0, -0.0, 0.173445, 0.984844, 0.374726, -1e-06, -0.984843, 0.173445, 0.0, 0.0, 0.0, 0.0, 1.0],
                [1.0, -1e-06, 0.0, 0.0, -0.0, 0.173445, 0.984844, 0.374726, -1e-06, -0.984843, 0.173445, 0.0, 0.0, 0.0, 0.0, 1.0],
                [1.0, -1e-06, 0.0, 0.0, -0.0, 0.054552, 0.998511, 0.374726, -1e-06, -0.99851, 0.054552, 0.0, 0.0, 0.0, 0.0, 1.0],
                [1.0, -0.0, 1e-06, 0.0, -0.0, 0.904591, 0.42628, 0.374726, -1e-06, -0.42628, 0.904591, 0.0, 0.0, 0.0, 0.0, 1.0],
                [1.0, -0.0, 1e-06, 0.0, -0.0, 0.904591, 0.42628, 0.374726, -1e-06, -0.42628, 0.904591, 0.0, 0.0, 0.0, 0.0, 1.0]
            ]
        },
        {
            "name": "Knee_L",
            "time": [0.0, 4.0],
            "transform": [
                [1.0, 0.0, -0.0, -0.0, -0.0, 0.00567, -0.999984, 0.374726, -0.0, 0.999984, 0.00567, -0.0, 0.0, 0.0, 0.0, 1.0],
                [1.0, 0.0, -0.0, 0.0, -0.0, 0.00567, -0.999984, 0.374726, -0.0, 0.999984, 0.00567, 0.0, 0.0, 0.0, 0.0, 1.0]
            ]
        },
        {
            "name": "Torso",
            "time": [0.0, 0.6667, 1.0, 1.6667, 3.3333, 4.0],
            "transform": [
                [1.0, -0.0, -0.0, -0.0, -0.0, 1.0, 0.0, 0.05, 0.0, 0.0, 1.0, -0.0, 0.0, 0.0, 0.0, 1.0],
                [0.999929, 0.011118, 0.004202, -0.0, -0.008912, 0.935269, -0.353826, 0.05, -0.007864, 0.353763, 0.935302, -0.0, 0.0, 0.0, 0.0, 1.0],
                [0.999929, 0.011118, 0.004202, -0.0, -0.008912, 0.935269, -0.353826, 0.05, -0.007864, 0.353763, 0.935302, -0.0, 0.0, 0.0, 0.0, 1.0],
                [0.999952, 0.009011, 0.003746, 0.0, -0.007524, 0.956359, -0.292099, 0.05, -0.006215, 0.292057, 0.956381, -0.0, 0.0, 0.0, 0.0, 1.0],
                [0.99996, -0.00698, -0.005625, 0.0, 0.008235, 0.963176, 0.268744, 0.05, 0.003542, -0.26878, 0.963195, 0.0, 0.0, 0.0, 0.0, 1.0],
                [0.99996, -0.00698, -0.005625, 0.0, 0.008235, 0.963176, 0.268744, 0.05, 0.003542, -0.26878, 0.963195, 0.0, 0.0, 0.0, 0.0, 1.0]
            ]
        },
        {
            "name": "Chest",
            "time": [0.0, 0.6667, 1.0, 1.6667, 3.3333, 4.0],