{
    "animation": [
        {
            "name": "Root",
            "time": [0.0, 1.5, 3.0, 3.0333],
            "transform": [
                [1.0, 0.0, 0.0, -5e-06, 0.0, 0.0, -1.0, 0.000946, 0.0, 1.0, 0.0, 0.763972, 0.0, 0.0, 0.0, 1.0],
                [1.0, 0.0, 0.0, -5e-06, 0.0, 0.0, -1.0, 0.000946, 0.0, 1.0, 0.0, 0.763972, 0.0, 0.0, 0.0, 1.0],
                [1.0, 0.0, 0.0, -5e-06, 0.0, 0.0, -1.0, 0.000946, 0.0, 1.0, 0.0, 0.763972, 0.0, 0.0, 0.0, 1.0],
                [1.0, 0.0, 0.0, -5e-06, 0.0, 0.0, -1.0, 0.000946, 0.0, 1.0, 0.0, 0.763972, 0.0, 0.0, 0.0, 1.0]
            ]
        },
        {
            "name": "Thigh_R",
            "time": [0.0, 1.5, 3.0, 3.0333],
            "transform": [
                [0.997035, 0.076942, 4.1e-05, 0.124994, 0.076857, -0.995948, 0.046653, -0.002831, 0.00363, -0.046511, -0.998911, -1.2e-05, 0.0, 0.0, 0.0, 1.0],
                [0.997035, 0.076942, 4.1e-05, 0.124994, 0.076857, -0.995948, 0.046653, -0.002831, 0.00363, -0.046511, -0.998911, -1.2e-05, 0.0, 0.0, 0.0, 1.0],
                [0.997035, 0.076942, 4.1e-05, 0.124994, 0.076857, -0.995948, 0.046653, -0.002831, 0.00363, -0.046511, -0.998911, -1.2e-05, 0.0, 0.0, 0.0, 1.0],
                [0.997035, 0.076942, 4.1e-05, 0.124994, 0.076857, -0.995948, 0.046653, -0.002831, 0.00363, -0.046511, -0.998911, -1.2e-05, 0.0, 0.0, 0.0, 1.0]
            ]
        },
        {
            "name": "Leg_R",
            "time": [0.0, 1.5, 3.0, 3.0333],
            "transform": [
                [0.999999, 4.9e-05, -0.001404, -0.0, 4.9e-05, 0.997584, 0.069486, 0.374726, 0.001404, -0.069487, 0.997581, 0.0, 0.0, 0.0, 0.0, 1.0],
                [0.999999, 4.9e-05, -0.001404, -0.0, 4.9e-05, 0.997584, 0.069486, 0.374726, 0.001404, -0.069487, 0.997581, 0.0, 0.0, 0.0, 0.0, 1.0],
                [0.999999, 4.9e-05, -0.001404, -0.0, 4.9e-05, 0.997584, 0.069486, 0.374726, 0.001404, -0.069487, 0.997581, 0.0, 0.0, 0.0, 0.0, 1.0],
                [0.999999, 4.9e-05, -0.001404, -0.0, 4.9e-05, 0.997584, 0.069486, 0.374726, 0.001404, -0.069487, 0.997581, 0.0, 0.0, 0.0, 0.0, 1.0]
            ]
        },
        {
            "name": "Knee_R",
            "time": [0.0, 1.5, 3.0, 3.0333],
            "transform": [
                [0.999928, 0.011432, -0.003544, -0.0, 0.003543, -0.565541, -0.824712, 0.486932, -0.011432, 0.824641, -0.565541, -0.001311, 0.0, 0.0, 0.0, 1.0],
                [0.999928, 0.011432, -0.003544, -0.0, 0.003543, -0.565541, -0.824712, 0.486932, -0.011432, 0.824641, -0.565541, -0.001311, 0.0, 0.0, 0.0, 1.0],
                [0.999928, 0.011432, -0.003544, -0.0, 0.003543, -0.565541, -0.824712, 0.486932, -0.011432, 0.824641, -0.565541, -0.001311, 0.0, 0.0, 0.0, 1.0],
                [0.999928, 0.011432, -0.003544, -0.0, 0.003543, -0.565541, -0.824712, 0.486932, -0.011432, 0.824641, -0.565541, -0.001311, 0.0, 0.0, 0.0, 1.0]
            ]
        },
        {
            "name": "Thigh_L",
            "time": [0.0, 1.5, 3.0, 3.0333],
            "transform": [
                [0.996213, -0.086939, 0.0, -0.125006, -0.086722, -0.993732, 0.070545, -0.002831, -0.006133, -0.070277, -0.997508, -1.2e-05, 0.0, 0.0, 0.0, 1.0],
                [0.996213, -0.086939, 0.0, -0.125006, -0.086722, -0.993732, 0.070545, -0.002831, -0.006133, -0.070277, -0.997508, -1.2e-05, 0.0, 0.0, 0.0, 1.0],
                [0.996213, -0.086939, 0.0, -0.125006, -0.086722, -0.993732, 0.070545, -0.002831, -0.006133, -0.070277, -0.997508, -1.2e-05, 0.0, 0.0, 0.0, 1.0],
                [0.996213, -0.086939, 0.0, -0.125006, -0.086722, -0.993732, 0.070545, -0.002831, -0.006133, -0.070277, -0.997508, -1.2e-05, 0.0, 0.0, 0.0, 1.0]
            ]
        },
        {
            "name": "Leg_L",
            "time": [0.0, 1.5, 3.0, 3.0333],
            "transform": [
                [0.999108, 0.034777, -0.023967, 0.0, -0.032901, 0.996668, 0.074637, 0.374726, 0.026483, -0.073782, 0.996923, 0.0, 0.0, 0.0, 0.0, 1.0],
                [0.999108, 0.034777, -0.023967, 0.0, -0.032901, 0.996668, 0.074637, 0.374726, 0.026483, -0.073782, 0.996923, 0.0, 0.0, 0.0, 0.0, 1.0],
                [0.999108, 0.034777, -0.023967, 0.0, -0.032901, 0.996668, 0.074637, 0.374726, 0.026483, -0.073782, 0.996923, 0.0, 0.0, 0.0, 0.0, 1.0],
                [0.999108, 0.034777, -0.023967, 0.0, -0.032901, 0.996668, 0.074637, 0.374726, 0.026483, -0.073782, 0.996923, 0.0, 0.0, 0.0, 0.0, 1.0]
            ]
        },
        {
            "name": "Knee_L",
            "time": [0.0, 1.5, 3.0, 3.0333],
            "transform": [
                [0.99986, -0.016129, 0.004365, 0.0, -0.004365, -0.504269, -0.863535, 0.459884, 0.016129, 0.863396, -0.504269, -0.004006, 0.0, 0.0, 0.0, 1.0],
                [0.99986, -0.016129, 0.004365, 0.0, -0.004365, -0.504269, -0.863535, 0.459884, 0.016129, 0.863396, -0.504269, -0.004006, 0.0, 0.0, 0.0, 1.0],
                [0.99986, -0.016129, 0.004365, 0.0, -0.004365, -0.504269, -0.863535, 0.459884, 0.016129, 0.863396, -0.504269, -0.004006, 0.0, 0.0, 0.0, 1.0],
                [0.99986, -0.016129, 0.004365, 0.0, -0.004365, -0.504269, -0.863535, 0.459884, 0.016129, 0.863396, -0.504269, -0.004006, 0.0, 0.0, 0.0, 1.0]
            ]
        },
        {
            "name": "Torso",
            "time": [0.0, 1.5, 3.0, 3.0333],
            "transform": [
                [1.0, 0.0, 0.0, 0.0, 0.0, 0.999895, 0.014516, 0.05, 0.0, -0.014516, 0.999895, 0.0, 0.0, 0.0, 0.0, 1.0],
                [1.0, 0.0, 0.0, 0.0, 0.0, 0.999282, 0.037899, 0.05, 0.0, -0.037899, 0.999282, 0.0, 0.0, 0.0, 0.0, 1.0],
                [1.0, 0.0, 0.0, 0.0, 0.0, 0.999895, 0.014516, 0.05, 0.0, -0.014516, 0.999895, 0.0, 0.0, 0.0, 0.0, 1.0],
                [1.0, 0.0, 0.0, 0.0, 0.0, 0.999895, 0.014516, 0.05, 0.0, -0.014516, 0.999895, 0.0, 0.0, 0.0, 0.0, 1.0]
            ]
        },
        {
            "name": "Chest",
            "time": [0.0, 1.5, 3.0, 3.0333],
            "transform": [
                [1.0, 0.0, 0.0, -0.0, 0.0, 1.0, 0.0, 0.3, 0.0, 0.0, 1.0, 0.0, 0.0, 0.0, 0.0, 1.0],
                [1.0, 0.0, 0.0, 0.0, 0.0, 0.996573, -0.082718, 0.3, 0.0, 0.082718, 0.996573, -0.0, 0.0, 0.0, 0.0, 1.0],
                [1.0, 0.0, 0.0, -0.0, 0.0, 1.0, 0.0, 0.3, 0.0, 0.0, 1.0, 0.0, 0.0, 0.0, 0.0, 1.0],
                [1.0, 0.0, 0.0, -0.0, 0.0, 1.0, 0.0, 0.3, 0.0, 0.0, 1.0, 0.0, 0.0, 0.0, 0.0, 1.0]
            ]
        },
        {
            "name": "Head",
            "time": [0.0, 1.5, 3.0, 3.0333],
            "transform": [
                [1.0, 0.0, 0.0, 0.0, 0.0, 1.0, 0.0, 0.4, 0.0, 0.0, 1.0, -0.0, 0.0, 0.0, 0.0, 1.0],
                [1.0, 0.0, 0.0, 0.0, 0.0, 0.999933, 0.01156, 0.4, 0.0, -0.01156, 0.999933, 0.0, 0.0, 0.0, 0.0, 1.0],
                [1.0, 0.0, 0.0, 0.0, 0.0, 1.0, 0.0, 0.4, 0.0, 0.0, 1.0, -0.0, 0.0, 0.0, 0.0, 1.0],
                [1.0, 0.0, 0.0, 0.0, 0.0, 1.0, 0.0, 0.4, 0.0, 0.0, 1.0, -0.0, 0.0, 0.0, 0.0, 1.0]
            ]
        },
        {
            "name": "Shoulder_R",
            "time": [0.0, 1.5, 3.0, 3.0333],
            "transform": [
                [0.330291, 0.892988, 0.305743, 0.0, -0.106063, -0.286757, 0.952114, 0.4, 0.937901, -0.346903, -0.0, -0.0, 0.0, 0.0, 0.0, 1.0],
                [0.330291, 0.898636, 0.288724, 0.0, -0.106063, -0.268618, 0.95739, 0.4, 0.937901, -0.34684, 0.00659, 0.0, 0.0, 0.0, 0.0, 1.0],
                [0.330291, 0.892988, 0.305743, 0.0, -0.106063, -0.286757, 0.952114, 0.4, 0.937901, -0.346903, -0.0, -0.0, 0.0, 0.0, 0.0, 1.0],
                [0.330291, 0.892988, 0.305743, 0.0, -0.106063, -0.286757, 0.952114, 0.4, 0.937901, -0.346903, -0.0, -0.0, 0.0, 0.0, 0.0, 1.0]
            ]
        },
        {
            "name": "Arm_R",
            "time": [0.0, 1.5, 3.0, 3.0333],