{
    "animation": [
        {
            "name": "Root",
            "time": [0.0, 0.5, 0.6667, 1.1667, 1.3333],
            "transform": [
                [1.0, 0.0, 0.0, -5e-06, 0.0, 0.0, -1.0, 0.000946, 0.0, 1.0, 0.0, 0.688537, 0.0, 0.0, 0.0, 1.0],
                [1.0, 0.0, 0.0, -0.170474, 0.0, 0.0, -1.0, 0.000946, 0.0, 1.0, 0.0, 0.674983, 0.0, 0.0, 0.0, 1.0],
                [1.0, 0.0, 0.0, -0.170474, 0.0, 0.0, -1.0, 0.000946, 0.0, 1.0, 0.0, 0.674983, 0.0, 0.0, 0.0, 1.0],
                [1.0, 0.0, 0.0, -5e-06, 0.0, 0.0, -1.0, 0.000946, 0.0, 1.0, 0.0, 0.688537, 0.0, 0.0, 0.0, 1.0],
                [1.0, 0.0, 0.0, -5e-06, 0.0, 0.0, -1.0, 0.000946, 0.0, 1.0, 0.0, 0.688537, 0.0, 0.0, 0.0, 1.0]
            ]
        },
        {
            "name": "Thigh_R",
            "time": [0.0, 0.5, 0.6667, 1.1667, 1.3333],
            "transform": [
                [0.991673, -0.12878, 0.0, 0.141028, -0.128781, -0.991671, 0.0, 0.074309, -0.0, -0.0, -1.0, -1.2e-05, 0.0, 0.0, 0.0, 1.0],
                [0.994647, 0.103329, -0.0, 0.124994, 0.103329, -0.994645, 0.0, -0.002831, 0.0, -0.0, -1.0, -1.2e-05, 0.0, 0.0, 0.0, 1.0],
                [0.994647, 0.103329, -0.0, 0.124994, 0.103329, -0.994645, 0.0, -0.002831, 0.0, -0.0, -1.0, -1.2e-05, 0.0, 0.0, 0.0, 1.0],
                [0.991673, -0.12878, 0.0, 0.141028, -0.128781, -0.991671, 0.0, 0.074309, -0.0, -0.0, -1.0, -1.2e-05, 0.0, 0.0, 0.0, 1.0],
                [0.991673, -0.12878, 0.0, 0.141028, -0.128781, -0.991671, 0.0, 0.074309, -0.0, -0.0, -1.0, -1.2e-05, 0.0, 0.0, 0.0, 1.0]
            ]
        },
        {
            "name": "Leg_R",
            "time": [0.0, 0.5, 0.6667, 1.1667, 1.3333],
            "transform": [
                [1.0, 0.0, 1e-06, 0.0, 0.0, 1.000001, -0.0, 0.374726, -1e-06, 0.0, 0.999999, 0.0, 0.0, 0.0, 0.0, 1.0],
                [1.0, 0.0, 1e-06, 0.0, -0.0, 1.000001, -0.0, 0.374726, -1e-06, 0.0, 0.999999, 0.0, 0.0, 0.0, 0.0, 1.0],
                [1.0, 0.0, 1e-06, 0.0, -0.0, 1.000001, -0.0, 0.374726, -1e-06, 0.0, 0.999999, 0.0, 0.0, 0.0, 0.0, 1.0],
                [1.0, 0.0, 1e-06, 0.0, 0.0, 1.000001, -0.0, 0.374726, -1e-06, 0.0, 0.999999, 0.0, 0.0, 0.0, 0.0, 1.0],
                [1.0, 0.0, 1e-06, 0.0, 0.0, 1.000001, -0.0, 0.374726, -1e-06, 0.0, 0.999999, 0.0, 0.0, 0.0, 0.0, 1.0]
            ]
        },
        {
            "name": "Knee_R",
            "time": [0.0, 0.5, 0.6667, 1.1667, 1.3333],
            "transform": [
                [1.0, 0.0, 0.0, 0.0, 0.0, 1e-06, -1.0, 0.486932, 0.0, 1.0, 1e-06, -0.001311, 0.0, 0.0, 0.0, 1.0],
                [1.0, -0.0, -0.0, 0.0, 0.0, 1e-06, -1.0, 0.486932, -0.0, 1.0, 1e-06, -0.001311, 0.0, 0.0, 0.0, 1.0],
                [1.0, -0.0, -0.0, 0.0, 0.0, 1e-06, -1.0, 0.486932, -0.0, 1.0, 1e-06, -0.001311, 0.0, 0.0, 0.0, 1.0],
                [1.0, 0.0, 0.0, 0.0, 0.0, 1e-06, -1.0, 0.486932, 0.0, 1.0, 1e-06, -0.001311, 0.0, 0.0, 0.0, 1.0],
                [1.0, 0.0, 0.0, 0.0, 0.0, 1e-06, -1.0, 0.486932, 0.0, 1.0, 1e-06, -0.001311, 0.0, 0.0, 0.0, 1.0]
            ]
        },
        {
            "name": "Thigh_L",
            "time": [0.0, 0.5, 0.6667, 1.1667, 1.3333],
            "transform": [
                [0.990216, -0.139536, 0.0, -0.125006, -0.139535, -0.990217, 0.0, -0.002831, -0.0, -1e-06, -1.0, -1.2e-05, 0.0, 0.0, 0.0, 1.0],
                [0.996383, 0.084967, -0.0, -0.135458, 0.084966, -0.996384, 0.0, 0.081934, 0.0, -1e-06, -1.0, -1.2e-05, 0.0, 0.0, 0.0, 1.0],
                [0.996383, 0.084967, -0.0, -0.135458, 0.084966, -0.996384, 0.0, 0.081934, 0.0, -1e-06, -1.0, -1.2e-05, 0.0, 0.0, 0.0, 1.0],
                [0.990216, -0.139536, 0.0, -0.125006, -0.139535, -0.990217, 0.0, -0.002831, -0.0, -1e-06, -1.0, -1.2e-05, 0.0, 0.0, 0.0, 1.0],
                [0.990216, -0.139536, 0.0, -0.125006, -0.139535, -0.990217, 0.0, -0.002831, -0.0, -1e-06, -1.0, -1.2e-05, 0.0, 0.0, 0.0, 1.0]
            ]
        },
        {
            "name": "Leg_L",
            "time": [0.0, 0.5, 0.6667, 1.1667, 1.3333],
            "transform": [
                [1.0, 0.0, 1e-06, -0.0, 0.0, 1.0, -0.0, 0.374726, -1e-06, 0.0, 1.0, 0.0, 0.0, 0.0, 0.0, 1.0],
                [1.0, -0.0, 1e-06, 0.0, 0.0, 1.0, -0.0, 0.374726, -1e-06, 0.0, 1.0, 0.0, 0.0, 0.0, 0.0, 1.0],
                [1.0, -0.0, 1e-06, 0.0, 0.0, 1.0, -0.0, 0.374726, -1e-06, 0.0, 1.0, 0.0, 0.0, 0.0, 0.0, 1.0],
                [1.0, 0.0, 1e-06, -0.0, 0.0, 1.0, -0.0, 0.374726, -1e-06, 0.0, 1.0, 0.0, 0.0, 0.0, 0.0, 1.0],
                [1.0, 0.0, 1e-06, -0.0, 0.0, 1.0, -0.0, 0.374726, -1e-06, 0.0, 1.0, 0.0, 0.0, 0.0, 0.0, 1.0]
            ]
        },
        {
            "name": "Knee_L",
            "time": [0.0, 0.5, 0.6667, 1.1667, 1.3333],
            "transform": [
                [1.0, -0.0, 0.0, -0.0, 0.0, 1e-06, -1.0, 0.459884, -0.0, 1.0, 1e-06, -0.004006, 0.0, 0.0, 0.0, 1.0],
                [1.0, 0.0, 0.0, -0.0, -0.0, 1e-06, -1.0, 0.459884, 0.0, 1.0, 1e-06, -0.004006, 0.0, 0.0, 0.0, 1.0],
                [1.0, 0.0, 0.0, -0.0, -0.0, 1e-06, -1.0, 0.459884, 0.0, 1.0, 1e-06, -0.004006, 0.0, 0.0, 0.0, 1.0],
                [1.0, -0.0, 0.0, -0.0, 0.0, 1e-06, -1.0, 0.459884, -0.0, 1.0, 1e-06, -0.004006, 0.0, 0.0, 0.0, 1.0],
                [1.0, -0.0, 0.0, -0.0, 0.0, 1e-06, -1.0, 0.459884, -0.0, 1.0, 1e-06, -0.004006, 0.0, 0.0, 0.0, 1.0]
            ]
        },
        {
            "name": "Torso",
            "time": [0.0, 0.5, 0.6667, 1.1667, 1.3333],
            "transform": [
                [0.923456, -0.383705, 0.0, 0.0, 0.383705, 0.923456, 0.0, 0.05, 0.0, 0.0, 1.0, 0.0, 0.0, 0.0, 0.0, 1.0],
                [0.926305, 0.376775, 0.0, 0.0, -0.376775, 0.926305, 0.0, 0.05, 0.0, 0.0, 1.0, 0.0, 0.0, 0.0, 0.0, 1.0],
                [0.926305, 0.376775, 0.0, 0.0, -0.376775, 0.926305, 0.0, 0.05, 0.0, 0.0, 1.0, 0.0, 0.0, 0.0, 0.0, 1.0],
                [0.923456, -0.383705, 0.0, 0.0, 0.383705, 0.923456, 0.0, 0.05, 0.0, 0.0, 1.0, 0.0, 0.0, 0.0, 0.0, 1.0],
                [0.923456, -0.383705, 0.0, 0.0, 0.383705, 0.923456, 0.0, 0.05, 0.0, 0.0, 1.0, 0.0, 0.0, 0.0, 0.0, 1.0]
            ]
        },
        {
            "name": "Chest",
            "time": [0.0, 0.5, 0.6667, 1.1667, 1.3333],
            "transform": [
                [0.945488, 0.325657, 0.0, 0.0, -0.325657, 0.945488, 0.0, 0.3, 0.0, 0.0, 1.0, 0.0, 0.0, 0.0, 0.0, 1.0],
                [0.815816, -0.57813, 0.01447, 0.0, 0.578265, 0.815812, -0.00776, 0.3, -0.007318, 0.014698, 0.999865, 0.0, 0.0, 0.0, 0.0, 1.0],
                [0.815816, -0.57813, 0.01447, 0.0, 0.578265, 0.815812, -0.00776, 0.3, -0.007318, 0.014698, 0.999865, 0.0, 0.0, 0.0, 0.0, 1.0],
                [0.945488, 0.325657, 0.0, 0.0, -0.325657, 0.945488, 0.0, 0.3, 0.0, 0.0, 1.0, 0.0, 0.0, 0.0, 0.0, 1.0],
                [0.945488, 0.325657, 0.0, 0.0, -0.325657, 0.945488, 0.0, 0.3, 0.0, 0.0, 1.0, 0.0, 0.0, 0.0, 0.0, 1.0]
            ]
        },
        {
            "name": "Head",
            "time": [0.0, 0.5, 0.6667, 1.1667, 1.3333],
            "transform": [
                [0.984466, 0.175574, 0.0, 0.0, -0.175574, 0.984466, 0.0, 0.4, 0.0, 0.0, 1.0, -0.0, 0.0, 0.0, 0.0, 1.0],
                [0.984325, 0.176363, -1.2e-05, 0.0, -0.176363, 0.984325, -6e-06, 0.4, 1.1e-05, 8e-06, 1.0, 0.0, 0.0, 0.0, 0.0, 1.0],
                [0.984325, 0.176363, -1.2e-05, 0.0, -0.176363, 0.984325, -6e-06, 0.4, 1.1e-05, 8e-06, 1.0, 0.0, 0.0, 0.0, 0.0, 1.0],
                [0.984466, 0.175574, 0.0, 0.0, -0.175574, 0.984466, 0.0, 0.4, 0.0, 0.0, 1.0, -0.0, 0.0, 0.0, 0.0, 1.0],
                [0.984466, 0.175574, 0.0, 0.0, -0.175574, 0.984466, 0.0, 0.4, 0.0, 0.0, 1.0, -0.0, 0.0, 0.0, 0.0, 1.0]
            ]
        },
        {
            "name": "Shoulder_R",
            "time": [0.0, 0.5, 0.6667, 1.1667, 1.3333],