{
    "animation": [
        {
            "name": "Root",
            "time": [0.0, 0.3333, 0.5, 1.0],
            "transform": [
                [1.0, 0.0, 0.0, -5e-06, 0.0, 0.0, -1.0, 0.000946, 0.0, 1.0, 0.0, 0.763972, 0.0, 0.0, 0.0, 1.0],
                [1.0, 0.0, 0.0, -5e-06, 0.0, 0.0, -1.0, 0.000946, 0.0, 1.0, 0.0, 0.763972, 0.0, 0.0, 0.0, 1.0],
                [1.0, 0.0, 0.0, -5e-06, 0.0, 0.0, -1.0, 0.000946, 0.0, 1.0, 0.0, 0.763972, 0.0, 0.0, 0.0, 1.0],
                [1.0, 0.0, 0.0, -5e-06, 0.0, 0.0, -1.0, 0.000946, 0.0, 1.0, 0.0, 0.763972, 0.0, 0.0, 0.0, 1.0]
            ]
        },
        {
            "name": "Thigh_R",
            "time": [0.0, 0.3333, 0.5, 1.0],
            "transform": [
                [0.996903, 0.078497, -0.004708, 0.124994, 0.078622, -0.993662, 0.080307, -0.002831, 0.001626, -0.080429, -0.996759, -1.2e-05, 0.0, 0.0, 0.0, 1.0],
                [0.996903, 0.078497, -0.004708, 0.124994, 0.078622, -0.993662, 0.080307, -0.002831, 0.001626, -0.080429, -0.996759, -1.2e-05, 0.0, 0.0, 0.0, 1.0],
                [0.996903, 0.078497, -0.004708, 0.124994, 0.078622, -0.993662, 0.080307, -0.002831, 0.001626, -0.080429, -0.996759, -1.2e-05, 0.0, 0.0, 0.0, 1.0],
                [0.996903, 0.078497, -0.004708, 0.124994, 0.078622, -0.993662, 0.080307, -0.002831, 0.001626, -0.080429, -0.996759, -1.2e-05, 0.0, 0.0, 0.0, 1.0]
            ]
        },
        {
            "name": "Leg_R",
            "time": [0.0, 0.3333, 0.5, 1.0],
            "transform": [
                [0.999998, 8.9e-05, -0.001895, 0.0, 8.9e-05, 0.995594, 0.09378, 0.374726, 0.001895, -0.09378, 0.99559, 0.0, 0.0, 0.0, 0.0, 1.0],
                [0.999998, 8.9e-05, -0.001895, 0.0, 8.9e-05, 0.995594, 0.09378, 0.374726, 0.001895, -0.09378, 0.99559, 0.0, 0.0, 0.0, 0.0, 1.0],
                [0.999998, 8.9e-05, -0.001895, 0.0, 8.9e-05, 0.995594, 0.09378, 0.374726, 0.001895, -0.09378, 0.99559, 0.0, 0.0, 0.0, 0.0, 1.0],
                [0.999998, 8.9e-05, -0.001895, 0.0, 8.9e-05, 0.995594, 0.09378, 0.374726, 0.001895, -0.09378, 0.99559, 0.0, 0.0, 0.0, 0.0, 1.0]
            ]
        },
        {
            "name": "Knee_R",
            "time": [0.0, 0.3333, 0.5, 1.0],
            "transform": [
                [1.0, -0.0, -0.0, -0.0, -0.0, 1e-06, -1.0, 0.486932, 0.0, 1.0, 1e-06, -0.001311, 0.0, 0.0, 0.0, 1.0],
                [1.0, -0.0, -0.0, -0.0, -0.0, 1e-06, -1.0, 0.486932, 0.0, 1.0, 1e-06, -0.001311, 0.0, 0.0, 0.0, 1.0],
                [1.0, -0.0, -0.0, -0.0, -0.0, 1e-06, -1.0, 0.486932, 0.0, 1.0, 1e-06, -0.001311, 0.0, 0.0, 0.0, 1.0],
                [1.0, -0.0, -0.0, -0.0, -0.0, 1e-06, -1.0, 0.486932, 0.0, 1.0, 1e-06, -0.001311, 0.0, 0.0, 0.0, 1.0]
            ]
        },
        {
            "name": "Thigh_L",
            "time": [0.0, 0.3333, 0.5, 1.0],
            "transform": [
                [0.998165, -0.060425, 0.003725, -0.125006, -0.060397, -0.989721, 0.129632, -0.002831, -0.004146, -0.129619, -0.991555, -1.2e-05, 0.0, 0.0, 0.0, 1.0],
                [0.998165, -0.060425, 0.003725, -0.125006, -0.060397, -0.989721, 0.129632, -0.002831, -0.004146, -0.129619, -0.991555, -1.2e-05, 0.0, 0.0, 0.0, 1.0],
                [0.998165, -0.060425, 0.003725, -0.125006, -0.060397, -0.989721, 0.129632, -0.002831, -0.004146, -0.129619, -0.991555, -1.2e-05, 0.0, 0.0, 0.0, 1.0],
                [0.998165, -0.060425, 0.003725, -0.125006, -0.060397, -0.989721, 0.129632, -0.002831, -0.004146, -0.129619, -0.991555, -1.2e-05, 0.0, 0.0, 0.0, 1.0]
            ]
        },
        {
            "name": "Leg_L",
            "time": [0.0, 0.3333, 0.5, 1.0],
            "transform": [
                [0.999994, -0.000192, 0.003505, -0.0, -0.000193, 0.993981, 0.109546, 0.374726, -0.003505, -0.109546, 0.993976, 0.0, 0.0, 0.0, 0.0, 1.0],
                [0.999994, -0.000192, 0.003505, -0.0, -0.000193, 0.993981, 0.109546, 0.374726, -0.003505, -0.109546, 0.993976, 0.0, 0.0, 0.0, 0.0, 1.0],
                [0.999994, -0.000192, 0.003505, -0.0, -0.000193, 0.993981, 0.109546, 0.374726, -0.003505, -0.109546, 0.993976, 0.0, 0.0, 0.0, 0.0, 1.0],
                [0.999994, -0.000192, 0.003505, -0.0, -0.000193, 0.993981, 0.109546, 0.374726, -0.003505, -0.109546, 0.993976, 0.0, 0.0, 0.0, 0.0, 1.0]
            ]
        },
        {
            "name": "Knee_L",
            "time": [0.0, 0.3333, 0.5, 1.0],
            "transform": [
                [1.0, 0.0, -0.0, 0.0, 0.0, 1e-06, -1.0, 0.459884, -0.0, 1.0, 1e-06, -0.004006, 0.0, 0.0, 0.0, 1.0],
                [1.0, 0.0, -0.0, 0.0, 0.0, 1e-06, -1.0, 0.459884, -0.0, 1.0, 1e-06, -0.004006, 0.0, 0.0, 0.0, 1.0],
                [1.0, 0.0, -0.0, 0.0, 0.0, 1e-06, -1.0, 0.459884, -0.0, 1.0, 1e-06, -0.004006, 0.0, 0.0, 0.0, 1.0],
                [1.0, 0.0, -0.0, 0.0, 0.0, 1e-06, -1.0, 0.459884, -0.0, 1.0, 1e-06, -0.004006, 0.0, 0.0, 0.0, 1.0]
            ]
        },
        {
            "name": "Torso",
            "time": [0.0, 0.3333, 0.5, 1.0],
            "transform": [
                [1.0, 0.0, 0.0, 0.0, 0.0, 1.0, 0.0, 0.05, 0.0, 0.0, 1.0, 0.0, 0.0, 0.0, 0.0, 1.0],
                [1.0, 0.0, 0.0, 0.0, 0.0, 0.801166, 0.598442, 0.05, 0.0, -0.598442, 0.801166, 0.0, 0.0, 0.0, 0.0, 1.0],
                [1.0, 0.0, 0.0, 0.0, 0.0, 0.801166, 0.598442, 0.05, 0.0, -0.598442, 0.801166, 0.0, 0.0, 0.0, 0.0, 1.0],
                [1.0, 0.0, 0.0, 0.0, 0.0, 1.0, 0.0, 0.05, 0.0, 0.0, 1.0, 0.0, 0.0, 0.0, 0.0, 1.0]
            ]
        },
        {
            "name": "Chest",
            "time": [0.0, 0.3333, 0.5, 1.0],
            "transform": [
                [1.0, 0.0, 0.0, 0.0, 0.0, 1.0, 0.0, 0.3, 0.0, 0.0, 1.0, 0.0, 0.0, 0.0, 0.0, 1.0],
                [1.0, 0.0, 0.0, 0.0, 0.0, 0.814886, 0.579621, 0.3, 0.0, -0.579621, 0.814886, -0.0, 0.0, 0.0, 0.0, 1.0],
                [1.0, 0.0, 0.0, 0.0, 0.0, 0.814886, 0.579621, 0.3, 0.0, -0.579621, 0.814886, -0.0, 0.0, 0.0, 0.0, 1.0],
                [1.0, 0.0, 0.0, 0.0, 0.0, 1.0, 0.0, 0.3, 0.0, 0.0, 1.0, 0.0, 0.0, 0.0, 0.0, 1.0]
            ]
        },
        {
            "name": "Head",
            "time": [0.0, 0.3333, 0.5, 1.0],
            "transform": [
                [1.0, 0.0, 0.0, 0.0, 0.0, 1.0, 0.0, 0.4, 0.0, 0.0, 1.0, 0.0, 0.0, 0.0, 0.0, 1.0],
                [1.0, 0.0, 0.0, 0.0, 0.0, 1.0, -0.0, 0.4, 0.0, 0.0, 1.0, 0.0, 0.0, 0.0, 0.0, 1.0],
                [1.0, 0.0, 0.0, 0.0, 0.0, 1.0, -0.0, 0.4, 0.0, 0.0, 1.0, 0.0, 0.0, 0.0, 0.0, 1.0],
                [1.0, 0.0, 0.0, 0.0, 0.0, 1.0, 0.0, 0.4, 0.0, 0.0, 1.0, 0.0, 0.0, 0.0, 0.0, 1.0]
            ]
        },
        {
            "name": "Shoulder_R",
            "time": [0.0, 0.3333, 0.5, 1.0],
            "transform": [
                [0.0, 0.952114, 0.305743, 0.0, -0.0, -0.305743, 0.952114, 0.4, 1.0, 0.0, -0.0, 0.0, 0.0, 0.0, 0.0, 1.0],
                [0.0, 0.952114, 0.305743, 0.0, 0.0, -0.305743, 0.952114, 0.4, 1.0, 0.0, -0.0, 0.0, 0.0, 0.0, 0.0, 1.0],
                [0.0, 0.952114, 0.305743, 0.0, 0.0, -0.305743, 0.952114, 0.4, 1.0, 0.0, -0.0, 0.0, 0.0, 0.0, 0.0, 1.0],
                [0.0, 0.952114, 0.305743, 0.0, -0.0, -0.305743, 0.952114, 0.4, 1.0, 0.0, -0.0, 0.0, 0.0, 0.0, 0.0, 1.0]
            ]
        },
        {
            "name": "Arm_R",
            "time": [0.0, 0.3333, 0.5, 1.0],
            "transform": [
                [0.0, 0.266622, -0.963801, 0.0, 0.911634, 0.396125, 0.109583, 0.393861, 0.411003, -0.878634, -0.243062, 0.0, 0.0, 0.0, 0.0, 1.0],
                [0.026343, 0.03517, -0.999034, -0.0, 0.912589, 0.407071, 0.038394, 0.39386, 0.408028, -0.912719, -0.021373, 0.0, 0.0, 0.0, 0.0, 1.0],
                [0.026343, 0.03517, -0.999034, -0.0, 0.912589, 0.407071, 0.038394, 0.39386, 0.408028, -0.912719, -0.021373, 0.0, 0.0, 0.0, 0.0, 1.0],
                [0.0, 0.266622, -0.963801, 0.0, 0.911634, 0.396125, 0.109583, 0.393861, 0.411003, -0.878634, -0.243062, 0.0, 0.0, 0.0, 0.0, 1.0]
            ]
        },
        {
            "name": "Hand_R",
            "time": [0.0, 0.3333, 0.5, 1.0],