{
    "animation": [
        {
            "name": "Root",
            "time": [0.0, 0.5167, 1.25, 2.0],
            "transform": [
                [1.0, 0.0, 0.0, -5e-06, 0.0, 0.0, -1.0, 0.000946, 0.0, 1.0, 0.0, 0.763972, 0.0, 0.0, 0.0, 1.0],
                [1.0, 0.0, 0.0, 0.184867, 0.0, 0.0, -1.0, -0.070878, 0.0, 1.0, 0.0, 0.747108, 0.0, 0.0, 0.0, 1.0],
                [1.0, 0.0, 0.0, 0.231801, 0.0, 0.0, -1.0, -0.070878, 0.0, 1.0, 0.0, 0.730495, 0.0, 0.0, 0.0, 1.0],
                [1.0, 0.0, 0.0, -5e-06, 0.0, 0.0, -1.0, 0.000946, 0.0, 1.0, 0.0, 0.763972, 0.0, 0.0, 0.0, 1.0]
            ]
        },
        {
            "name": "Thigh_R",
            "time": [0.0, 0.5167, 1.25, 2.0],
            "transform": [
                [0.997334, 0.072966, 0.0, 0.124994, 0.072653, -0.993042, 0.092654, -0.002831, 0.006761, -0.092406, -0.995699, -1.2e-05, 0.0, 0.0, 0.0, 1.0],
                [0.967251, -0.250843, -0.038754, 0.124994, -0.236039, -0.945087, 0.226037, 0.001667, -0.093326, -0.209486, -0.973348, -0.048343, 0.0, 0.0, 0.0, 1.0],
                [0.948844, -0.315727, -0.003077, 0.124994, -0.295114, -0.890276, 0.346862, 0.001667, -0.112254, -0.328209, -0.937911, -0.048343, 0.0, 0.0, 0.0, 1.0],
                [0.997334, 0.072966, 0.0, 0.124994, 0.072653, -0.993042, 0.092654, -0.002831, 0.006761, -0.092406, -0.995699, -1.2e-05, 0.0, 0.0, 0.0, 1.0]
            ]
        },
        {
            "name": "Leg_R",
            "time": [0.0, 0.5167, 1.25, 2.0],
            "transform": [
                [0.999999, 4.9e-05, -0.001404, 0.0, 4.9e-05, 0.997584, 0.069486, 0.374726, 0.001404, -0.069487, 0.997581, -0.0, 0.0, 0.0, 0.0, 1.0],
                [0.999999, 4.9e-05, -0.001404, 0.0, 4.9e-05, 0.997584, 0.069487, 0.374726, 0.001404, -0.069487, 0.997581, -0.0, 0.0, 0.0, 0.0, 1.0],
                [0.998101, 0.034609, 0.050963, -0.0, -0.048738, 0.949602, 0.309646, 0.374726, -0.037678, -0.311542, 0.949484, -0.0, 0.0, 0.0, 0.0, 1.0],
                [0.999999, 4.9e-05, -0.001404, 0.0, 4.9e-05, 0.997584, 0.069486, 0.374726, 0.001404, -0.069487, 0.997581, -0.0, 0.0, 0.0, 0.0, 1.0]
            ]
        },
        {
            "name": "Knee_R",
            "time": [0.0, 0.5167, 1.25, 2.0],
            "transform": [
                [0.999928, 0.011432, -0.003544, 0.0, 0.003543, -0.565541, -0.824712, 0.486932, -0.011432, 0.824641, -0.565541, -0.001311, 0.0, 0.0, 0.0, 1.0],
                [0.999928, 0.011432, -0.003544, 0.0, 0.003543, -0.565541, -0.824713, 0.486932, -0.011432, 0.824641, -0.565541, -0.001311, 0.0, 0.0, 0.0, 1.0],
                [0.999928, 0.011432, -0.003544, 0.0, 0.003543, -0.565541, -0.824712, 0.486932, -0.011432, 0.824641, -0.565541, -0.001311, 0.0, 0.0, 0.0, 1.0],
                [0.999928, 0.011432, -0.003544, 0.0, 0.003543, -0.565541, -0.824712, 0.486932, -0.011432, 0.824641, -0.565541, -0.001311, 0.0, 0.0, 0.0, 1.0]
            ]
        },
        {
            "name": "Thigh_L",
            "time": [0.0, 0.5167, 1.25, 2.0],
            "transform": [
                [0.99699, -0.077524, -0.0, -0.125006, -0.07733, -0.994507, 0.070545, -0.002831, -0.005469, -0.070332, -0.997508, -1.2e-05, 0.0, 0.0, 0.0, 1.0],
                [0.958696, 0.269934, 0.089643, -0.125006, 0.27801, -0.955885, -0.094837, -0.005984, 0.060088, 0.115842, -0.991448, 0.044582, 0.0, 0.0, 0.0, 1.0],
                [0.958696, 0.268855, 0.092828, -0.125006, 0.27801, -0.954697, -0.106133, -0.005984, 0.060088, 0.127557, -0.990009, 0.044582, 0.0, 0.0, 0.0, 1.0],
                [0.99699, -0.077524, -0.0, -0.125006, -0.07733, -0.994507, 0.070545, -0.002831, -0.005469, -0.070332, -0.997508, -1.2e-05, 0.0, 0.0, 0.0, 1.0]
            ]
        },
        {
            "name": "Leg_L",
            "time": [0.0, 0.5167, 1.25, 2.0],
            "transform": [
                [0.998194, 0.034777, -0.048977, -0.0, -0.031022, 0.996668, 0.075437, 0.374726, 0.051437, -0.073782, 0.995947, -0.0, 0.0, 0.0, 0.0, 1.0],
                [0.998194, 0.036737, -0.047524, 0.0, -0.031022, 0.992781, 0.115856, 0.374726, 0.051437, -0.114173, 0.992129, -0.0, 0.0, 0.0, 0.0, 1.0],
                [0.998194, 0.046355, -0.038201, -0.0, -0.031022, 0.942421, 0.332985, 0.374726, 0.051437, -0.331199, 0.942158, -0.0, 0.0, 0.0, 0.0, 1.0],
                [0.998194, 0.034777, -0.048977, -0.0, -0.031022, 0.996668, 0.075437, 0.374726, 0.051437, -0.073782, 0.995947, -0.0, 0.0, 0.0, 0.0, 1.0]
            ]
        },
        {
            "name": "Knee_L",
            "time": [0.0, 0.5167, 1.25, 2.0],
            "transform": [
                [0.99986, -0.016129, 0.004365, -0.0, -0.004365, -0.504269, -0.863535, 0.459884, 0.016129, 0.863396, -0.504269, -0.004006, 0.0, 0.0, 0.0, 1.0],
                [0.99986, -0.016129, 0.004365, -0.0, -0.004365, -0.504269, -0.863535, 0.459884, 0.016129, 0.863396, -0.504269, -0.004006, 0.0, 0.0, 0.0, 1.0],
                [0.99986, -0.016129, 0.004365, -0.0, -0.004365, -0.504269, -0.863535, 0.459884, 0.016129, 0.863396, -0.504269, -0.004006, 0.0, 0.0, 0.0, 1.0],
                [0.99986, -0.016129, 0.004365, -0.0, -0.004365, -0.504269, -0.863535, 0.459884, 0.016129, 0.863396, -0.504269, -0.004006, 0.0, 0.0, 0.0, 1.0]
            ]
        },
        {
            "name": "Torso",
            "time": [0.0, 0.5167, 1.25, 2.0],
            "transform": [
                [1.0, 0.0, 0.0, 0.0, 0.0, 1.0, 0.0, 0.05, 0.0, 0.0, 1.0, 0.0, 0.0, 0.0, 0.0, 1.0],
                [0.998818, -0.014814, 0.046304, 0.0, -0.00477, 0.917979, 0.396601, 0.05, -0.048381, -0.396353, 0.916823, 0.0, 0.0, 0.0, 0.0, 1.0],
                [0.998818, -0.017147, 0.045491, 0.0, -0.00477, 0.896652, 0.442711, 0.05, -0.048381, -0.442404, 0.89551, 0.0, 0.0, 0.0, 0.0, 1.0],
                [1.0, 0.0, 0.0, 0.0, 0.0, 1.0, 0.0, 0.05, 0.0, 0.0, 1.0, 0.0, 0.0, 0.0, 0.0, 1.0]
            ]
        },
        {
            "name": "Chest",
            "time": [0.0, 0.5167, 1.25, 2.0],
            "transform": [
                [1.0, 0.0, 0.0, 0.0, 0.0, 1.0, 0.0, 0.3, 0.0, 0.0, 1.0, 0.0, 0.0, 0.0, 0.0, 1.0],
                [0.99523, -0.040543, 0.088737, -0.0, 0.004682, 0.928364, 0.371643, 0.3, -0.097447, -0.369455, 0.924125, 0.0, 0.0, 0.0, 0.0, 1.0],
                [0.99523, -0.040543, 0.088737, 0.0, 0.004682, 0.928364, 0.371643, 0.3, -0.097447, -0.369455, 0.924125, -0.0, 0.0, 0.0, 0.0, 1.0],
                [1.0, 0.0, 0.0, 0.0, 0.0, 1.0, 0.0, 0.3, 0.0, 0.0, 1.0, 0.0, 0.0, 0.0, 0.0, 1.0]
            ]
        },
        {
            "name": "Head",
            "time": [0.0, 0.5167, 1.25, 2.0],
            "transform": [
                [1.0, 0.0, 0.0, 0.0, 0.0, 0.998649, 0.051973, 0.4, 0.0, -0.051973, 0.998649, 0.0, 0.0, 0.0, 0.0, 1.0],
                [0.994916, 0.008133, -0.100381, -0.0, -0.042085, 0.93911, -0.341029, 0.4, 0.091495, 0.343519, 0.934678, 0.0, 0.0, 0.0, 0.0, 1.0],
                [0.989213, 0.006524, -0.146338, -0.0, -0.058482, 0.933528, -0.353703, 0.4, 0.134303, 0.358445, 0.92384, 0.0, 0.0, 0.0, 0.0, 1.0],
                [1.0, 0.0, 0.0, 0.0, 0.0, 0.998649, 0.051973, 0.4, 0.0, -0.051973, 0.998649, 0.0, 0.0, 0.0, 0.0, 1.0]
            ]
        },
        {
            "name": "Shoulder_R",
            "time": [0.0, 0.5167, 1.25, 2.0],
            "transform": [
                [0.0, 0.952114, 0.305743, 0.0, -0.0, -0.305743, 0.952114, 0.4, 1.0, 0.0, -0.0, 0.0, 0.0, 0.0, 0.0, 1.0],
                [-0.38129, 0.910184, 0.161812, -0.0, -0.689156, -0.39652, 0.606494, 0.4, 0.616183, 0.119737, 0.778448, 0.0, 0.0, 0.0, 0.0, 1.0],
                [-0.38129, 0.910184, 0.161812, -0.0, -0.689156, -0.39652, 0.606494, 0.4, 0.616183, 0.119737, 0.778448, 0.0, 0.0, 0.0, 0.0, 1.0],
                [0.0, 0.952114, 0.305743, 0.0, -0.0, -0.305743, 0.952114, 0.4, 1.0, 0.0, -0.0, 0.0, 0.0, 0.0, 0.0, 1.0]
            ]
        },
        {
            "name": "Arm_R",
            "time": [0.0, 0.5167, 1.25, 2.0],