{
    "animation": [
        {
            "name": "Root",
            "time": [0.0, 0.3333, 0.6833, 1.05, 1.4167, 1.7167, 1.9667],
            "transform": [
                [1.0, 0.0, 0.0, -5e-06, 0.0, 0.0, -1.0, 0.000946, 0.0, 1.0, 0.0, 0.763972, 0.0, 0.0, 0.0, 1.0],
                [0.915636, 0.0, 0.402009, -5e-06, 0.402009, 0.0, -0.915636, 0.000946, 0.0, 1.0, 0.0, 0.763972, 0.0, 0.0, 0.0, 1.0],
                [0.915636, 0.0, 0.402009, -5e-06, 0.402009, 0.0, -0.915636, 0.000946, 0.0, 1.0, 0.0, 0.763972, 0.0, 0.0, 0.0, 1.0],
                [0.915636, 0.0, 0.402009, -5e-06, 0.402009, 0.0, -0.915636, 0.000946, 0.0, 1.0, 0.0, 0.763972, 0.0, 0.0, 0.0, 1.0],
                [0.915636, 0.0, 0.402009, -5e-06, 0.402009, 0.0, -0.915636, 0.000946, 0.0, 1.0, 0.0, 0.763972, 0.0, 0.0, 0.0, 1.0],
                [0.915636, 0.0, 0.402009, -5e-06, 0.402009, 0.0, -0.915636, 0.000946, 0.0, 1.0, 0.0, 0.763972, 0.0, 0.0, 0.0, 1.0],
                [1.0, 0.0, 0.0, -5e-06, 0.0, 0.0, -1.0, 0.000946, 0.0, 1.0, 0.0, 0.763972, 0.0, 0.0, 0.0, 1.0]
            ]
        },
        {
            "name": "Thigh_R",
            "time": [0.0, 0.3333, 0.6833, 1.05, 1.4167, 1.7167, 1.9667],
            "transform": [
                [0.999029, 0.044053, -0.0, 0.124994, 0.044053, -0.999027, 0.0, -0.002831, 0.0, -0.0, -1.0, -1.2e-05, 0.0, 0.0, 0.0, 1.0],
                [0.999029, 0.044053, -0.0, 0.124994, 0.044053, -0.999027, 0.0, -0.002831, 0.0, -0.0, -1.0, -1.2e-05, 0.0, 0.0, 0.0, 1.0],
                [0.999029, 0.044053, -0.0, 0.124994, 0.044053, -0.999027, 0.0, -0.002831, 0.0, -0.0, -1.0, -1.2e-05, 0.0, 0.0, 0.0, 1.0],
                [0.999029, 0.044053, -0.0, 0.124994, 0.044053, -0.999027, 0.0, -0.002831, 0.0, -0.0, -1.0, -1.2e-05, 0.0, 0.0, 0.0, 1.0],
                [0.999029, 0.044053, -0.0, 0.124994, 0.044053, -0.999027, 0.0, -0.002831, 0.0, -0.0, -1.0, -1.2e-05, 0.0, 0.0, 0.0, 1.0],
                [0.999029, 0.044053, -0.0, 0.124994, 0.044053, -0.999027, 0.0, -0.002831, 0.0, -0.0, -1.0, -1.2e-05, 0.0, 0.0, 0.0, 1.0],
                [0.999029, 0.044053, -0.0, 0.124994, 0.044053, -0.999027, 0.0, -0.002831, 0.0, -0.0, -1.0, -1.2e-05, 0.0, 0.0, 0.0, 1.0]
            ]
        },
        {
            "name": "Leg_R",
            "time": [0.0, 0.3333, 0.6833, 1.05, 1.4167, 1.7167, 1.9667],
            "transform": [
                [1.0, 0.0, 1e-06, -0.0, -0.0, 1.000001, -0.0, 0.374726, -1e-06, 0.0, 0.999999, 0.0, 0.0, 0.0, 0.0, 1.0],
                [1.0, 0.0, 1e-06, 0.0, 0.0, 1.000001, -0.0, 0.374726, -1e-06, 0.0, 0.999999, -0.0, 0.0, 0.0, 0.0, 1.0],
                [1.0, 0.0, 1e-06, 0.0, 0.0, 1.000001, -0.0, 0.374726, -1e-06, 0.0, 0.999999, -0.0, 0.0, 0.0, 0.0, 1.0],
                [1.0, 0.0, 1e-06, 0.0, 0.0, 1.000001, -0.0, 0.374726, -1e-06, 0.0, 0.999999, -0.0, 0.0, 0.0, 0.0, 1.0],
                [1.0, 0.0, 1e-06, 0.0, 0.0, 1.000001, -0.0, 0.374726, -1e-06, 0.0, 0.999999, -0.0, 0.0, 0.0, 0.0, 1.0],
                [1.0, 0.0, 1e-06, 0.0, 0.0, 1.000001, -0.0, 0.374726, -1e-06, 0.0, 0.999999, -0.0, 0.0, 0.0, 0.0, 1.0],
                [1.0, 0.0, 1e-06, -0.0, -0.0, 1.000001, -0.0, 0.374726, -1e-06, 0.0, 0.999999, 0.0, 0.0, 0.0, 0.0, 1.0]
            ]
        },
        {
            "name": "Knee_R",
            "time": [0.0, 0.3333, 0.6833, 1.05, 1.4167, 1.7167, 1.9667],
            "transform": [
                [1.0, 0.0, -0.0, -0.0, -0.0, 1e-06, -1.0, 0.486932, -0.0, 1.0, 1e-06, -0.001311, 0.0, 0.0, 0.0, 1.0],
                [1.0, -0.0, 0.0, 0.0, 0.0, 1e-06, -1.0, 0.486932, 0.0, 1.0, 1e-06, -0.001311, 0.0, 0.0, 0.0, 1.0],
                [1.0, -0.0, 0.0, 0.0, 0.0, 1e-06, -1.0, 0.486932, 0.0, 1.0, 1e-06, -0.001311, 0.0, 0.0, 0.0, 1.0],
                [1.0, -0.0, 0.0, 0.0, 0.0, 1e-06, -1.0, 0.486932, 0.0, 1.0, 1e-06, -0.001311, 0.0, 0.0, 0.0, 1.0],
                [1.0, -0.0, 0.0, 0.0, 0.0, 1e-06, -1.0, 0.486932, 0.0, 1.0, 1e-06, -0.001311, 0.0, 0.0, 0.0, 1.0],
                [1.0, -0.0, 0.0, 0.0, 0.0, 1e-06, -1.0, 0.486932, 0.0, 1.0, 1e-06, -0.001311, 0.0, 0.0, 0.0, 1.0],
                [1.0, 0.0, -0.0, -0.0, -0.0, 1e-06, -1.0, 0.486932, -0.0, 1.0, 1e-06, -0.001311, 0.0, 0.0, 0.0, 1.0]
            ]
        },
        {
            "name": "Thigh_L",
            "time": [0.0, 0.3333, 0.6833, 1.05, 1.4167, 1.7167, 1.9667],
            "transform": [
                [0.99707, -0.074335, -0.018004, -0.125006, -0.074193, -0.997208, 0.00839, -0.002831, -0.018577, -0.00703, -0.999802, -1.2e-05, 0.0, 0.0, 0.0, 1.0],
                [0.99707, -0.074335, -0.018004, -0.125006, -0.074193, -0.997208, 0.00839, -0.002831, -0.018577, -0.00703, -0.999802, -1.2e-05, 0.0, 0.0, 0.0, 1.0],
                [0.99707, -0.074335, -0.018004, -0.125006, -0.074193, -0.997208, 0.00839, -0.002831, -0.018577, -0.00703, -0.999802, -1.2e-05, 0.0, 0.0, 0.0, 1.0],
                [0.99707, -0.074335, -0.018004, -0.125006, -0.074193, -0.997208, 0.00839, -0.002831, -0.018577, -0.00703, -0.999802, -1.2e-05, 0.0, 0.0, 0.0, 1.0],
                [0.99707, -0.074335, -0.018004, -0.125006, -0.074193, -0.997208, 0.00839, -0.002831, -0.018577, -0.00703, -0.999802, -1.2e-05, 0.0, 0.0, 0.0, 1.0],
                [0.99707, -0.074335, -0.018004, -0.125006, -0.074193, -0.997208, 0.00839, -0.002831, -0.018577, -0.00703, -0.999802, -1.2e-05, 0.0, 0.0, 0.0, 1.0],
                [0.99707, -0.074335, -0.018004, -0.125006, -0.074193, -0.997208, 0.00839, -0.002831, -0.018577, -0.00703, -0.999802, -1.2e-05, 0.0, 0.0, 0.0, 1.0]
            ]
        },
        {
            "name": "Leg_L",
            "time": [0.0, 0.3333, 0.6833, 1.05, 1.4167, 1.7167, 1.9667],
            "transform": [
                [1.0, 0.0, 1e-06, 0.0, 0.0, 1.0, -0.0, 0.374726, -1e-06, 0.0, 1.0, 0.0, 0.0, 0.0, 0.0, 1.0],
                [1.0, 0.0, 1e-06, 0.0, -0.0, 1.0, -0.0, 0.374726, -1e-06, 0.0, 1.0, -0.0, 0.0, 0.0, 0.0, 1.0],
                [1.0, 0.0, 1e-06, 0.0, -0.0, 1.0, -0.0, 0.374726, -1e-06, 0.0, 1.0, -0.0, 0.0, 0.0, 0.0, 1.0],
                [1.0, 0.0, 1e-06, 0.0, -0.0, 1.0, -0.0, 0.374726, -1e-06, 0.0, 1.0, -0.0, 0.0, 0.0, 0.0, 1.0],
                [1.0, 0.0, 1e-06, 0.0, -0.0, 1.0, -0.0, 0.374726, -1e-06, 0.0, 1.0, -0.0, 0.0, 0.0, 0.0, 1.0],
                [1.0, 0.0, 1e-06, 0.0, -0.0, 1.0, -0.0, 0.374726, -1e-06, 0.0, 1.0, -0.0, 0.0, 0.0, 0.0, 1.0],
                [1.0, 0.0, 1e-06, 0.0, 0.0, 1.0, -0.0, 0.374726, -1e-06, 0.0, 1.0, 0.0, 0.0, 0.0, 0.0, 1.0]
            ]
        },
        {
            "name": "Knee_L",
            "time": [0.0, 0.3333, 0.6833, 1.05, 1.4167, 1.7167, 1.9667],
            "transform": [
                [1.0, -0.0, 0.0, 0.0, 0.0, 1e-06, -1.0, 0.459884, -0.0, 1.0, 1e-06, -0.004006, 0.0, 0.0, 0.0, 1.0],
                [1.0, 0.0, -0.0, 0.0, -0.0, 1e-06, -1.0, 0.459884, -0.0, 1.0, 1e-06, -0.004006, 0.0, 0.0, 0.0, 1.0],
                [1.0, 0.0, -0.0, 0.0, -0.0, 1e-06, -1.0, 0.459884, -0.0, 1.0, 1e-06, -0.004006, 0.0, 0.0, 0.0, 1.0],
                [1.0, 0.0, -0.0, 0.0, -0.0, 1e-06, -1.0, 0.459884, -0.0, 1.0, 1e-06, -0.004006, 0.0, 0.0, 0.0, 1.0],
                [1.0, 0.0, -0.0, 0.0, -0.0, 1e-06, -1.0, 0.459884, -0.0, 1.0, 1e-06, -0.004006, 0.0, 0.0, 0.0, 1.0],
                [1.0, 0.0, -0.0, 0.0, -0.0, 1e-06, -1.0, 0.459884, -0.0, 1.0, 1e-06, -0.004006, 0.0, 0.0, 0.0, 1.0],
                [1.0, -0.0, 0.0, 0.0, 0.0, 1e-06, -1.0, 0.459884, -0.0, 1.0, 1e-06, -0.004006, 0.0, 0.0, 0.0, 1.0]
            ]
        },
        {
            "name": "Torso",
            "time": [0.0, 0.3333, 0.6833, 1.05, 1.4167, 1.7167, 1.9667],