{
    "animation": [
        {
            "name": "Root",
            "time": [0.0, 0.3333, 0.6167, 0.8333, 4.6667, 5.0],
            "transform": [
                [0.780084, -0.061987, -0.622596, -5e-06, -0.616013, -0.250288, -0.746916, 0.000946, -0.109529, 0.966185, -0.23343, 0.614777, 0.0, 0.0, 0.0, 1.0],
                [0.780084, -0.061987, -0.622596, -5e-06, -0.616013, -0.250288, -0.746916, 0.000946, -0.109529, 0.966185, -0.23343, 0.565704, 0.0, 0.0, 0.0, 1.0],
                [0.780084, -0.061987, -0.622596, -5e-06, -0.616013, -0.250288, -0.746916, 0.000946, -0.109529, 0.966185, -0.23343, 0.565704, 0.0, 0.0, 0.0, 1.0],
                [0.995416, 0.095557, 0.003896, -5e-06, 0.026074, -0.23197, -0.972373, 0.000946, -0.092013, 0.968018, -0.233398, 0.378597, 0.0, 0.0, 0.0, 1.0],
                [0.995416, 0.095557, 0.003896, -5e-06, 0.026074, -0.23197, -0.972373, 0.000946, -0.092013, 0.968018, -0.233398, 0.378597, 0.0, 0.0, 0.0, 1.0],
                [0.780084, -0.061987, -0.622596, -5e-06, -0.616013, -0.250288, -0.746916, 0.000946, -0.109529, 0.966185, -0.23343, 0.614777, 0.0, 0.0, 0.0, 1.0]
            ]
        },
        {
            "name": "Thigh_R",
            "time": [0.0, 0.3333, 0.6167, 0.8333, 4.6667, 5.0],
            "transform": [
                [0.755445, 0.489352, 0.435702, 0.139708, 0.49492, -0.86195, 0.109969, 0.00723, 0.429367, 0.132562, -0.893349, -0.042079, 0.0, 0.0, 0.0, 1.0],
                [0.707627, 0.599816, 0.373475, 0.139708, 0.54234, -0.799869, 0.257051, 0.00723, 0.452915, 0.020655, -0.891315, -0.042079, 0.0, 0.0, 0.0, 1.0],
                [0.707627, 0.599816, 0.373475, 0.139708, 0.54234, -0.799869, 0.257051, 0.00723, 0.452915, 0.020655, -0.891315, -0.042079, 0.0, 0.0, 0.0, 1.0],
                [0.467187, 0.829878, 0.305018, 0.104859, 0.427208, -0.513914, 0.743898, 0.079115, 0.774099, -0.217233, -0.594626, -0.017963, 0.0, 0.0, 0.0, 1.0],
                [0.467187, 0.829878, 0.305018, 0.104859, 0.427208, -0.513914, 0.743898, 0.079115, 0.774099, -0.217233, -0.594626, -0.017963, 0.0, 0.0, 0.0, 1.0],
                [0.755445, 0.489352, 0.435702, 0.139708, 0.49492, -0.86195, 0.109969, 0.00723, 0.429367, 0.132562, -0.893349, -0.042079, 0.0, 0.0, 0.0, 1.0]
            ]
        },
        {
            "name": "Leg_R",
            "time": [0.0, 0.3333, 0.6167, 0.8333, 4.6667, 5.0],
            "transform": [
                [1.0, -0.0, 1e-06, 0.0, -0.0, 0.965677, 0.259748, 0.374726, -1e-06, -0.259748, 0.965676, 0.0, 0.0, 0.0, 0.0, 1.0],
                [1.0, -0.0, 1e-06, -0.0, -0.0, 0.880419, 0.474198, 0.374726, -1e-06, -0.474199, 0.880417, 0.0, 0.0, 0.0, 0.0, 1.0],
                [1.0, -0.0, 1e-06, -0.0, -0.0, 0.880419, 0.474198, 0.374726, -1e-06, -0.474199, 0.880417, 0.0, 0.0, 0.0, 0.0, 1.0],
                [1.0, -1e-06, 0.0, -0.0, 0.0, 0.361851, 0.932235, 0.374726, -1e-06, -0.932237, 0.36185, -0.0, 0.0, 0.0, 0.0, 1.0],
                [1.0, -1e-06, 0.0, -0.0, 0.0, 0.361851, 0.932235, 0.374726, -1e-06, -0.932237, 0.36185, -0.0, 0.0, 0.0, 0.0, 1.0],
                [1.0, -0.0, 1e-06, 0.0, -0.0, 0.965677, 0.259748, 0.374726, -1e-06, -0.259748, 0.965676, 0.0, 0.0, 0.0, 0.0, 1.0]
            ]
        },
        {
            "name": "Knee_R",
            "time": [0.0, 0.3333, 0.6167, 0.8333, 4.6667, 5.0],
            "transform": [
                [1.0, 0.0, 0.0, 0.0, -0.0, 1e-06, -1.0, 0.399479, -0.0, 1.0, 1e-06, 0.0, 0.0, 0.0, 0.0, 1.0],
                [1.0, 0.0, 0.0, -0.0, 0.0, 1e-06, -1.0, 0.399479, 0.0, 1.0, 1e-06, -0.0, 0.0, 0.0, 0.0, 1.0],
                [1.0, 0.0, 0.0, -0.0, 0.0, 1e-06, -1.0, 0.399479, 0.0, 1.0, 1e-06, -0.0, 0.0, 0.0, 0.0, 1.0],
                [1.0, -0.0, 0.0, -0.0, -0.0, 1e-06, -1.0, 0.470587, -0.0, 1.0, 1e-06, 0.0, 0.0, 0.0, 0.0, 1.0],
                [1.0, -0.0, 0.0, -0.0, -0.0, 1e-06, -1.0, 0.470587, -0.0, 1.0, 1e-06, 0.0, 0.0, 0.0, 0.0, 1.0],
                [1.0, 0.0, 0.0, 0.0, -0.0, 1e-06, -1.0, 0.399479, -0.0, 1.0, 1e-06, 0.0, 0.0, 0.0, 0.0, 1.0]
            ]
        },
        {
            "name": "Thigh_L",
            "time": [0.0, 0.3333, 0.6167, 0.8333, 4.6667, 5.0],
            "transform": [
                [0.831725, -0.25882, -0.491166, -0.142138, -0.247082, -0.964805, 0.090005, 0.01733, -0.497175, 0.046499, -0.866403, -0.023485, 0.0, 0.0, 0.0, 1.0],
                [0.722213, -0.263158, -0.639652, -0.142138, -0.288561, -0.955104, 0.067131, 0.01733, -0.628601, 0.136096, -0.765727, -0.023485, 0.0, 0.0, 0.0, 1.0],
                [0.722213, -0.263158, -0.639652, -0.142138, -0.288561, -0.955104, 0.067131, 0.01733, -0.628601, 0.136096, -0.765727, -0.023485, 0.0, 0.0, 0.0, 1.0],
                [0.772779, -0.60236, -0.199936, -0.146661, -0.253981, -0.582199, 0.772358, 0.045388, -0.581641, -0.546082, -0.602899, -0.030299, 0.0, 0.0, 0.0, 1.0],
                [0.772779, -0.60236, -0.199936, -0.146661, -0.253981, -0.582199, 0.772358, 0.045388, -0.581641, -0.546082, -0.602899, -0.030299, 0.0, 0.0, 0.0, 1.0],
                [0.831725, -0.25882, -0.491166, -0.142138, -0.247082, -0.964805, 0.090005, 0.01733, -0.497175, 0.046499, -0.866403, -0.023485, 0.0, 0.0, 0.0, 1.0]
            ]
        },
        {
            "name": "Leg_L",
            "time": [0.0, 0.3333, 0.6167, 0.8333, 4.6667, 5.0],
            "transform": [
                [1.0, -0.0, 1e-06, -0.0, -0.0, 0.906733, 0.421706, 0.374726, -1e-06, -0.421705, 0.906733, 0.0, 0.0, 0.0, 0.0, 1.0],
                [1.0, -0.0, 1e-06, 0.0, -0.0, 0.818904, 0.573931, 0.374726, -1e-06, -0.573931, 0.818904, -0.0, 0.0, 0.0, 0.0, 1.0],
                [1.0, -0.0, 1e-06, 0.0, -0.0, 0.818904, 0.573931, 0.374726, -1e-06, -0.573931, 0.818904, -0.0, 0.0, 0.0, 0.0, 1.0],
                [1.0, -1e-06, 0.0, 0.0, 0.0, 0.148027, 0.988984, 0.374726, -1e-06, -0.988983, 0.148027, 0.0, 0.0, 0.0, 0.0, 1.0],
                [1.0, -1e-06, 0.0, 0.0, 0.0, 0.148027, 0.988984, 0.374726, -1e-06, -0.988983, 0.148027, 0.0, 0.0, 0.0, 0.0, 1.0],
                [1.0, -0.0, 1e-06, -0.0, -0.0, 0.906733, 0.421706, 0.374726, -1e-06, -0.421705, 0.906733, 0.0, 0.0, 0.0, 0.0, 1.0]
            ]
        },
        {
            "name": "Knee_L",
            "time": [0.0, 0.3333, 0.6167, 0.8333, 4.6667, 5.0],
            "transform": [
                [1.0, 0.0, -0.0, -0.0, 0.0, 1e-06, -1.0, 0.37472, -0.0, 1.0, 1e-06, -0.0, 0.0, 0.0, 0.0, 1.0],
                [1.0, 0.0, 0.0, -0.0, 0.0, 1e-06, -1.0, 0.383932, -0.0, 1.0, 1e-06, 0.0, 0.0, 0.0, 0.0, 1.0],
                [1.0, 0.0, 0.0, -0.0, 0.0, 1e-06, -1.0, 0.383932, -0.0, 1.0, 1e-06, 0.0, 0.0, 0.0, 0.0, 1.0],
                [1.0, 0.0, -0.0, 0.0, -0.0, 0.0, -1.0, 0.469114, -0.0, 1.0, 0.0, -0.0, 0.0, 0.0, 0.0, 1.0],
                [1.0, 0.0, -0.0, 0.0, -0.0, 0.0, -1.0, 0.469114, -0.0, 1.0, 0.0, -0.0, 0.0, 0.0, 0.0, 1.0],
                [1.0, 0.0, -0.0, -0.0, 0.0, 1e-06, -1.0, 0.37472, -0.0, 1.0, 1e-06, -0.0, 0.0, 0.0, 0.0, 1.0]
            ]
        },
        {
            "name": "Torso",
            "time": [0.0, 0.3333, 0.6167, 0.8333, 4.6667, 5.0],
            "transform": [
                [0.981493, -0.124211, 0.145749, -0.0, 0.096371, 0.978083, 0.184572, 0.05, -0.16548, -0.167111, 0.971952, 0.0, 0.0, 0.0, 0.0, 1.0],
                [0.946143, -0.113161, 0.303329, -0.0, 0.055274, 0.97963, 0.193055, 0.05, -0.318996, -0.165892, 0.933125, -0.0, 0.0, 0.0, 0.0, 1.0],
                [0.952706, 0.02349, 0.302985, -0.0, -0.021377, 0.999719, -0.010289, 0.05, -0.303141, 0.003326, 0.95294, -0.0, 0.0, 0.0, 0.0, 1.0],
                [0.956741, -0.218377, 0.192246, 0.0, 0.124922, 0.9051, 0.406434, 0.05, -0.262757, -0.364836, 0.893226, -0.0, 0.0, 0.0, 0.0, 1.0],
                [0.956741, -0.218377, 0.192246, 0.0, 0.124922, 0.9051, 0.406434, 0.05, -0.262757, -0.364836, 0.893226, -0.0, 0.0, 0.0, 0.0, 1.0],
                [0.981493, -0.124211, 0.145749, -0.0, 0.096371, 0.978083, 0.184572, 0.05, -0.16548, -0.167111, 0.971952, 0.0, 0.0, 0.0, 0.0, 1.0]
            ]
        },
        {
            "name": "Chest",