{
    "animation": [
        {
            "name": "Root",
            "time": [0.0, 0.0667, 0.1333, 0.2, 0.5],
            "transform": [
                [-0.064228, 0.03137, 0.997442, -5e-06, 0.969981, -0.232951, 0.069786, 0.010946, 0.234544, 0.971982, -0.015466, 0.362498, 0.0, 0.0, 0.0, 1.0],
                [-0.820668, 0.219134, 0.527716, -5e-06, 0.523911, -0.080075, 0.848001, 0.440946, 0.228083, 0.972403, -0.049091, 0.354642, 0.0, 0.0, 0.0, 1.0],
                [-0.127842, -0.096158, -0.987122, -5e-06, -0.888608, 0.453147, 0.070941, 3.000947, 0.44049, 0.886235, -0.143378, 0.348502, 0.0, 0.0, 0.0, 1.0],
                [0.689035, -0.007181, -0.724692, -5e-06, -0.529588, 0.677632, -0.510246, 3.000947, 0.494739, 0.735366, 0.463109, 0.350217, 0.0, 0.0, 0.0, 1.0],
                [0.840032, -0.070035, -0.537998, -5e-06, -0.517024, 0.197179, -0.832951, 3.000947, 0.164418, 0.977863, 0.129427, 0.421075, 0.0, 0.0, 0.0, 1.0]
            ]
        },
        {
            "name": "Thigh_R",
            "time": [0.0, 0.0667, 0.1333, 0.2, 0.5],
            "transform": [
                [0.88801, 0.138831, -0.438234, 0.124994, 0.432347, -0.576152, 0.69354, -0.00283, -0.156216, -0.805386, -0.571683, -1.2e-05, 0.0, 0.0, 0.0, 1.0],
                [0.913421, 0.204974, -0.351507, 0.124994, 0.395672, -0.649001, 0.649728, -0.00283, -0.094955, -0.732589, -0.673944, -1.2e-05, 0.0, 0.0, 0.0, 1.0],
                [0.904166, 0.427112, 0.0047, 0.124994, 0.426391, -0.901881, -0.069026, -0.00283, -0.025243, 0.064416, -0.997585, -1.2e-05, 0.0, 0.0, 0.0, 1.0],
                [0.939042, 0.329726, -0.0973, 0.124994, 0.343693, -0.906888, 0.243744, -0.002831, -0.007871, -0.262329, -0.964937, -1.2e-05, 0.0, 0.0, 0.0, 1.0],
                [0.843891, 0.504601, -0.182223, 0.124994, 0.533326, -0.825896, 0.182866, -0.002831, -0.058223, -0.251506, -0.966091, -1.2e-05, 0.0, 0.0, 0.0, 1.0]
            ]
        },
        {
            "name": "Leg_R",
            "time": [0.0, 0.0667, 0.1333, 0.2, 0.5],
            "transform": [
                [0.98479, 0.160249, -0.067427, -0.0, 0.008591, 0.342502, 0.939468, 0.374726, 0.173649, -0.925738, 0.33591, 0.0, 0.0, 0.0, 0.0, 1.0],
                [0.997764, 0.065534, -0.014153, -0.0, 0.019073, -0.075073, 0.996985, 0.374726, 0.064276, -0.995014, -0.076154, 0.0, 0.0, 0.0, 0.0, 1.0],
                [0.998741, -0.048167, 0.014371, 0.0, 0.008712, 0.447442, 0.894265, 0.374726, -0.049505, -0.893008, 0.447297, -0.0, 0.0, 0.0, 0.0, 1.0],
                [0.998439, -0.038442, 0.04054, -0.0, 0.008709, 0.823862, 0.566721, 0.374726, -0.055186, -0.565485, 0.822908, -0.0, 0.0, 0.0, 0.0, 1.0],
                [0.98078, -0.192164, -0.033901, -0.0, 0.123499, 0.476779, 0.8703, 0.374726, -0.151079, -0.85776, 0.491344, -0.0, 0.0, 0.0, 0.0, 1.0]
            ]
        },
        {
            "name": "Knee_R",
            "time": [0.0, 0.0667, 0.1333, 0.2, 0.5],
            "transform": [
                [0.995807, 0.069714, -0.059243, -0.0, -0.08849, 0.56959, -0.817151, 0.37472, -0.023222, 0.818968, 0.57337, 0.0, 0.0, 0.0, 0.0, 1.0],
                [0.99933, 0.029694, -0.021401, 0.0, -0.036325, 0.732678, -0.679607, 0.37472, -0.004501, 0.679929, 0.733265, 0.0, 0.0, 0.0, 0.0, 1.0],
                [0.999659, -0.022047, 0.014025, 0.0, 0.023517, 0.525187, -0.850662, 0.37472, 0.011388, 0.850701, 0.525526, 0.0, 0.0, 0.0, 0.0, 1.0],
                [0.9996, -0.016149, 0.02319, -0.0, 0.026936, 0.29635, -0.954699, 0.37472, 0.008545, 0.954943, 0.296667, 0.0, 0.0, 0.0, 0.0, 1.0],
                [0.994829, -0.101143, 0.009231, -0.0, 0.058993, 0.501468, -0.863162, 0.37472, 0.082674, 0.859244, 0.504842, 0.0, 0.0, 0.0, 0.0, 1.0]
            ]
        },
        {
            "name": "Thigh_L",
            "time": [0.0, 0.0667, 0.1333, 0.2, 0.5],
            "transform": [
                [0.219666, -0.974939, -0.034722, -0.125006, -0.866733, -0.211374, 0.451727, -0.00283, -0.447753, -0.069136, -0.891461, -1.2e-05, 0.0, 0.0, 0.0, 1.0],
                [0.844072, -0.443618, 0.301122, -0.125006, -0.427119, -0.216875, 0.877774, -0.002831, -0.324099, -0.869531, -0.372557, -1.2e-05, 0.0, 0.0, 0.0, 1.0],
                [0.926863, -0.291992, 0.235777, -0.125006, -0.214666, 0.102835, 0.971219, -0.00283, -0.307835, -0.95087, 0.032633, -1.2e-05, 0.0, 0.0, 0.0, 1.0],
                [0.736728, -0.445538, 0.508633, -0.125006, -0.394521, 0.32767, 0.858468, -0.00283, -0.549145, -0.833136, 0.06563, -1.2e-05, 0.0, 0.0, 0.0, 1.0],
                [0.889566, -0.31134, 0.334267, -0.125006, -0.386946, -0.124678, 0.913632, -0.002831, -0.242775, -0.942082, -0.231382, -1.2e-05, 0.0, 0.0, 0.0, 1.0]
            ]
        },
        {
            "name": "Leg_L",
            "time": [0.0, 0.0667, 0.1333, 0.2, 0.5],
            "transform": [
                [0.98551, -0.163308, 0.045886, 0.0, 0.006617, 0.307308, 0.95159, 0.374726, -0.169503, -0.937493, 0.303936, -0.0, 0.0, 0.0, 0.0, 1.0],
                [0.996549, -0.083002, -0.001324, 0.0, -0.021863, -0.277813, 0.960389, 0.374726, -0.080082, -0.95704, -0.27867, -0.0, 0.0, 0.0, 0.0, 1.0],
                [0.99334, -0.11401, 0.016616, 0.0, -0.059133, -0.380722, 0.922795, 0.374726, -0.098882, -0.917633, -0.384928, 0.0, 0.0, 0.0, 0.0, 1.0],
                [0.976754, -0.214011, 0.012246, -0.0, -0.125685, -0.525481, 0.84147, 0.374726, -0.173649, -0.823447, -0.540165, -0.0, 0.0, 0.0, 0.0, 1.0],
                [0.951251, -0.174691, 0.254175, 0.0, -0.254889, 0.018723, 0.966789, 0.374726, -0.173648, -0.984444, -0.026717, -0.0, 0.0, 0.0, 0.0, 1.0]
            ]
        },
        {
            "name": "Knee_L",
            "time": [0.0, 0.0667, 0.1333, 0.2, 0.5],
            "transform": [
                [0.995987, -0.074417, 0.049715, 0.0, 0.083943, 0.584195, -0.807261, 0.37472, 0.031031, 0.808194, 0.588098, 0.0, 0.0, 0.0, 0.0, 1.0],
                [0.998922, -0.041858, 0.020094, 0.0, 0.045532, 0.798393, -0.600416, 0.37472, 0.009089, 0.600688, 0.799431, 0.0, 0.0, 0.0, 0.0, 1.0],
                [0.997858, -0.052616, 0.038883, -0.0, 0.065352, 0.829674, -0.554404, 0.37472, -0.00309, 0.555748, 0.83135, -0.0, 0.0, 0.0, 0.0, 1.0],
                [0.992133, -0.103753, 0.07006, -0.0, 0.124689, 0.869075, -0.478708, 0.37472, -0.01122, 0.483677, 0.875175, -0.0, 0.0, 0.0, 0.0, 1.0],
                [0.985637, -0.034519, 0.165312, -0.0, 0.141586, 0.702467, -0.69749, 0.374721, -0.09205, 0.710878, 0.697265, 0.0, 0.0, 0.0, 0.0, 1.0]
            ]
        },
        {
            "name": "Torso",
            "time": [0.0, 0.0667, 0.1333, 0.2, 0.5],
            "transform": [
                [0.977986, -0.176515, 0.111292, 0.0, 0.178558, 0.983892, -0.00859, 0.05, -0.107983, 0.028273, 0.993751, 0.0, 0.0, 0.0, 0.0, 1.0],
                [0.990985, -0.075497, 0.110674, -0.0, 0.064664, 0.993044, 0.098398, 0.05, -0.117333, -0.090354, 0.988974, -0.0, 0.0, 0.0, 0.0, 1.0],
                [0.995564, -0.017367, 0.092475, 0.0, 0.01214, 0.998313, 0.056787, 0.05, -0.093305, -0.055412, 0.994094, 0.0, 0.0, 0.0, 0.0, 1.0],
                [0.99878, 0.047485, 0.013594, -0.0, -0.047877, 0.998401, 0.030061, 0.05, -0.012145, -0.030676, 0.999456, -0.0, 0.0, 0.0, 0.0, 1.0],
                [0.980771, 0.192615, -0.031434, -0.0, -0.193669, 0.940671, -0.278622, 0.05, -0.024098, 0.279352, 0.959886, -0.0, 0.0, 0.0, 0.0, 1.0]
            ]
        },
        {
            "name": "Chest",
            "time": [0.0, 0.0667, 0.1333, 0.2, 0.5],