{
    "animation": [
        {
            "name": "Root",
            "time": [0.0, 1.9333, 8.4167, 11.6],
            "transform": [
                [0.994097, 0.01652, -0.107233, -5e-06, -0.107916, 0.048313, -0.992985, 0.000946, -0.011224, 0.998696, 0.049811, 0.623372, 0.0, 0.0, 0.0, 1.0],
                [0.994097, 0.01652, -0.107233, -5e-06, -0.107916, 0.048313, -0.992985, 0.000946, -0.011224, 0.998696, 0.049811, 0.623372, 0.0, 0.0, 0.0, 1.0],
                [0.994097, 0.01652, -0.107233, -5e-06, -0.107916, 0.048313, -0.992985, 0.000946, -0.011224, 0.998696, 0.049811, 0.623372, 0.0, 0.0, 0.0, 1.0],
                [0.994097, 0.01652, -0.107233, -5e-06, -0.107916, 0.048313, -0.992985, 0.000946, -0.011224, 0.998696, 0.049811, 0.623372, 0.0, 0.0, 0.0, 1.0]
            ]
        },
        {
            "name": "Thigh_R",
            "time": [0.0, 1.9333, 8.4167, 11.6],
            "transform": [
                [0.567209, 0.563789, 0.600345, 0.124994, 0.378181, -0.825853, 0.418262, -0.002831, 0.731609, -0.010202, -0.681648, -1.2e-05, 0.0, 0.0, 0.0, 1.0],
                [0.567209, 0.563789, 0.600345, 0.124994, 0.378181, -0.825853, 0.418262, -0.002831, 0.731609, -0.010202, -0.681648, -1.2e-05, 0.0, 0.0, 0.0, 1.0],
                [0.567209, 0.563789, 0.600345, 0.124994, 0.378181, -0.825853, 0.418262, -0.002831, 0.731609, -0.010202, -0.681648, -1.2e-05, 0.0, 0.0, 0.0, 1.0],
                [0.567209, 0.563789, 0.600345, 0.124994, 0.378181, -0.825853, 0.418262, -0.002831, 0.731609, -0.010202, -0.681648, -1.2e-05, 0.0, 0.0, 0.0, 1.0]
            ]
        },
        {
            "name": "Leg_R",
            "time": [0.0, 1.9333, 8.4167, 11.6],
            "transform": [
                [1.0, -0.0, 1e-06, -0.0, -0.0, 0.814658, 0.579942, 0.37472, -1e-06, -0.579943, 0.814657, -0.0, 0.0, 0.0, 0.0, 1.0],
                [1.0, -0.0, 1e-06, -0.0, -0.0, 0.814658, 0.579942, 0.37472, -1e-06, -0.579943, 0.814657, -0.0, 0.0, 0.0, 0.0, 1.0],
                [1.0, -0.0, 1e-06, -0.0, -0.0, 0.814658, 0.579942, 0.37472, -1e-06, -0.579943, 0.814657, -0.0, 0.0, 0.0, 0.0, 1.0],
                [1.0, -0.0, 1e-06, -0.0, -0.0, 0.814658, 0.579942, 0.37472, -1e-06, -0.579943, 0.814657, -0.0, 0.0, 0.0, 0.0, 1.0]
            ]
        },
        {
            "name": "Knee_R",
            "time": [0.0, 1.9333, 8.4167, 11.6],
            "transform": [
                [1.0, 0.0, -0.0, -0.0, -0.0, 1e-06, -1.0, 0.384705, -0.0, 1.0, 1e-06, -0.0, 0.0, 0.0, 0.0, 1.0],
                [1.0, 0.0, -0.0, -0.0, -0.0, 1e-06, -1.0, 0.384705, -0.0, 1.0, 1e-06, -0.0, 0.0, 0.0, 0.0, 1.0],
                [1.0, 0.0, -0.0, -0.0, -0.0, 1e-06, -1.0, 0.384705, -0.0, 1.0, 1e-06, -0.0, 0.0, 0.0, 0.0, 1.0],
                [1.0, 0.0, -0.0, -0.0, -0.0, 1e-06, -1.0, 0.384705, -0.0, 1.0, 1e-06, -0.0, 0.0, 0.0, 0.0, 1.0]
            ]
        },
        {
            "name": "Thigh_L",
            "time": [0.0, 1.9333, 8.4167, 11.6],
            "transform": [
                [0.887682, -0.408468, -0.212541, -0.145513, -0.039682, -0.527734, 0.848481, -0.011613, -0.458743, -0.744747, -0.48467, -0.005093, 0.0, 0.0, 0.0, 1.0],
                [0.887682, -0.408468, -0.212541, -0.145513, -0.039682, -0.527734, 0.848481, -0.011613, -0.458743, -0.744747, -0.48467, -0.005093, 0.0, 0.0, 0.0, 1.0],
                [0.887682, -0.408468, -0.212541, -0.145513, -0.039682, -0.527734, 0.848481, -0.011613, -0.458743, -0.744747, -0.48467, -0.005093, 0.0, 0.0, 0.0, 1.0],
                [0.887682, -0.408468, -0.212541, -0.145513, -0.039682, -0.527734, 0.848481, -0.011613, -0.458743, -0.744747, -0.48467, -0.005093, 0.0, 0.0, 0.0, 1.0]
            ]
        },
        {
            "name": "Leg_L",
            "time": [0.0, 1.9333, 8.4167, 11.6],
            "transform": [
                [1.0, -0.0, 1e-06, 0.0, -0.0, 0.523552, 0.851994, 0.37472, -1e-06, -0.851993, 0.523553, -0.0, 0.0, 0.0, 0.0, 1.0],
                [1.0, -0.0, 1e-06, 0.0, -0.0, 0.523552, 0.851994, 0.37472, -1e-06, -0.851993, 0.523553, -0.0, 0.0, 0.0, 0.0, 1.0],
                [1.0, -0.0, 1e-06, 0.0, -0.0, 0.523552, 0.851994, 0.37472, -1e-06, -0.851993, 0.523553, -0.0, 0.0, 0.0, 0.0, 1.0],
                [1.0, -0.0, 1e-06, 0.0, -0.0, 0.523552, 0.851994, 0.37472, -1e-06, -0.851993, 0.523553, -0.0, 0.0, 0.0, 0.0, 1.0]
            ]
        },
        {
            "name": "Knee_L",
            "time": [0.0, 1.9333, 8.4167, 11.6],
            "transform": [
                [1.0, 0.0, -0.0, 0.0, -0.0, 1e-06, -1.0, 0.42684, -0.0, 1.0, 1e-06, -0.0, 0.0, 0.0, 0.0, 1.0],
                [1.0, 0.0, -0.0, 0.0, -0.0, 1e-06, -1.0, 0.42684, -0.0, 1.0, 1e-06, -0.0, 0.0, 0.0, 0.0, 1.0],
                [1.0, 0.0, -0.0, 0.0, -0.0, 1e-06, -1.0, 0.42684, -0.0, 1.0, 1e-06, -0.0, 0.0, 0.0, 0.0, 1.0],
                [1.0, 0.0, -0.0, 0.0, -0.0, 1e-06, -1.0, 0.42684, -0.0, 1.0, 1e-06, -0.0, 0.0, 0.0, 0.0, 1.0]
            ]
        },
        {
            "name": "Torso",
            "time": [0.0, 1.0, 2.0],
            "transform": [
                [1.0, 0.0, 0.0, 0.0, 0.0, 1.0, 0.0, 0.05, 0.0, 0.0, 1.0, 0.0, 0.0, 0.0, 0.0, 1.0],
                [1.0, 0.0, 0.0, 0.0, 0.0, 1.0, 0.0, 0.05, 0.0, 0.0, 1.0, 0.0, 0.0, 0.0, 0.0, 1.0],
                [1.0, 0.0, 0.0, 0.0, 0.0, 1.0, 0.0, 0.05, 0.0, 0.0, 1.0, 0.0, 0.0, 0.0, 0.0, 1.0]
            ]
        },
        {
            "name": "Chest",
            "time": [0.0, 1.0, 2.0],
            "transform": [
                [0.984807, 0.044943, 0.167731, 0.0, -0.0, 0.965926, -0.258819, 0.3, -0.173648, 0.254887, 0.951251, 0.0, 0.0, 0.0, 0.0, 1.0],
                [0.984808, 0.044943, 0.167731, 0.0, -0.015134, 0.984465, -0.174927, 0.3, -0.172987, 0.169731, 0.970189, 0.0, 0.0, 0.0, 0.0, 1.0],
                [0.984807, 0.044943, 0.167731, 0.0, -0.0, 0.965926, -0.258819, 0.3, -0.173648, 0.254887, 0.951251, 0.0, 0.0, 0.0, 0.0, 1.0]
            ]
        },
        {
            "name": "Head",
            "time": [0.0, 1.0, 2.0],
            "transform": [
                [0.984808, 0.0, -0.173648, -0.0, 0.044943, 0.965926, 0.254887, 0.4, 0.167731, -0.258819, 0.951252, -0.0, 0.0, 0.0, 0.0, 1.0],
                [0.984808, -0.015134, -0.172987, -0.0, 0.044943, 0.984465, 0.169731, 0.4, 0.167731, -0.174927, 0.970189, -0.0, 0.0, 0.0, 0.0, 1.0],
                [0.984808, 0.0, -0.173648, -0.0, 0.044943, 0.965926, 0.254887, 0.4, 0.167731, -0.258819, 0.951252, -0.0, 0.0, 0.0, 0.0, 1.0]
            ]
        },
        {
            "name": "Shoulder_R",
            "time": [0.0, 1.0, 2.0],
            "transform": [
                [0.0, 0.952114, 0.305743, -0.0, 0.0, -0.305743, 0.952114, 0.4, 1.0, 0.0, -0.0, -0.0, 0.0, 0.0, 0.0, 1.0],
                [0.0, 0.952114, 0.305743, -0.0, 0.0, -0.305743, 0.952114, 0.4, 1.0, -0.0, -0.0, -0.0, 0.0, 0.0, 0.0, 1.0],
                [0.0, 0.952114, 0.305743, -0.0, 0.0, -0.305743, 0.952114, 0.4, 1.0, 0.0, -0.0, -0.0, 0.0, 0.0, 0.0, 1.0]
            ]
        },
        {
            "name": "Arm_R",
            "time": [0.0, 1.0, 2.0],
            "transform": [
                [0.19887, -0.699522, 0.68639, 0.0, 0.897888, -0.150627, -0.413657, 0.393861, 0.392748, 0.698565, 0.598137, 0.0, 0.0, 0.0, 0.0, 1.0],
                [0.206736, -0.633874, 0.745301, -0.0, 0.89693, -0.181538, -0.403193, 0.39386, 0.390871, 0.751836, 0.531009, -0.0, 0.0, 0.0, 0.0, 1.0],
                [0.198869, -0.699522, 0.686391, -0.0, 0.897888, -0.150627, -0.413657, 0.39386, 0.392748, 0.698565, 0.598136, 0.0, 0.0, 0.0, 0.0, 1.0]
            ]
        },
        {
            "name": "Hand_R",
            "time": [0.0, 1.0, 2.0],