{
    "animation": [
        {
            "name": "Root",
            "time": [0.0, 1.9333, 8.4167, 11.6],
            "transform": [
                [0.994097, 0.01652, -0.107233, -5e-06, -0.107916, 0.048313, -0.992985, 0.000946, -0.011224, 0.998696, 0.049811, 0.623372, 0.0, 0.0, 0.0, 1.0],
                [0.994097, 0.01652, -0.107233, -5e-06, -0.107916, 0.048313, -0.992985, 0.000946, -0.011224, 0.998696, 0.049811, 0.623372, 0.0, 0.0, 0.0, 1.0],
                [0.994097, 0.01652, -0.107233, -5e-06, -0.107916, 0.048313, -0.992985, 0.000946, -0.011224, 0.998696, 0.049811, 0.623372, 0.0, 0.0, 0.0, 1.0],
                [0.994097, 0.01652, -0.107233, -5e-06, -0.107916, 0.048313, -0.992985, 0.000946, -0.011224, 0.998696, 0.049811, 0.623372, 0.0, 0.0, 0.0, 1.0]
            ]
        },
        {
            "name": "Thigh_R",
            "time": [0.0, 1.9333, 8.4167, 11.6],
            "transform": [
                [0.567209, 0.563789, 0.600345, 0.124994, 0.378181, -0.825853, 0.418262, -0.002831, 0.731609, -0.010202, -0.681648, -1.2e-05, 0.0, 0.0, 0.0, 1.0],
                [0.567209, 0.563789, 0.600345, 0.124994, 0.378181, -0.825853, 0.418262, -0.002831, 0.731609, -0.010202, -0.681648, -1.2e-05, 0.0, 0.0, 0.0, 1.0],
                [0.567209, 0.563789, 0.600345, 0.124994, 0.378181, -0.825853, 0.418262, -0.002831, 0.731609, -0.010202, -0.681648, -1.2e-05, 0.0, 0.0, 0.0, 1.0],
                [0.567209, 0.563789, 0.600345, 0.124994, 0.378181, -0.825853, 0.418262, -0.002831, 0.731609, -0.010202, -0.681648, -1.2e-05, 0.0, 0.0, 0.0, 1.0]
            ]
        },
        {
            "name": "Leg_R",
            "time": [0.0, 1.9333, 8.4167, 11.6],
            "transform": [
                [1.0, -0.0, 1e-06, -0.0, -0.0, 0.814658, 0.579942, 0.37472, -1e-06, -0.579943, 0.814657, -0.0, 0.0, 0.0, 0.0, 1.0],
                [1.0, -0.0, 1e-06, -0.0, -0.0, 0.814658, 0.579942, 0.37472, -1e-06, -0.579943, 0.814657, -0.0, 0.0, 0.0, 0.0, 1.0],
                [1.0, -0.0, 1e-06, -0.0, -0.0, 0.814658, 0.579942, 0.37472, -1e-06, -0.579943, 0.814657, -0.0, 0.0, 0.0, 0.0, 1.0],
                [1.0, -0.0, 1e-06, -0.0, -0.0, 0.814658, 0.579942, 0.37472, -1e-06, -0.579943, 0.814657, -0.0, 0.0, 0.0, 0.0, 1.0]
            ]
        },
        {
            "name": "Knee_R",
            "time": [0.0, 1.9333, 8.4167, 11.6],
            "transform": [
                [1.0, 0.0, -0.0, -0.0, -0.0, 1e-06, -1.0, 0.384705, -0.0, 1.0, 1e-06, -0.0, 0.0, 0.0, 0.0, 1.0],
                [1.0, 0.0, -0.0, -0.0, -0.0, 1e-06, -1.0, 0.384705, -0.0, 1.0, 1e-06, -0.0, 0.0, 0.0, 0.0, 1.0],
                [1.0, 0.0, -0.0, -0.0, -0.0, 1e-06, -1.0, 0.384705, -0.0, 1.0, 1e-06, -0.0, 0.0, 0.0, 0.0, 1.0],
                [1.0, 0.0, -0.0, -0.0, -0.0, 1e-06, -1.0, 0.384705, -0.0, 1.0, 1e-06, -0.0, 0.0, 0.0, 0.0, 1.0]
            ]
        },
        {
            "name": "Thigh_L",
            "time": [0.0, 1.9333, 8.4167, 11.6],
            "transform": [
                [0.887682, -0.408468, -0.212541, -0.145513, -0.039682, -0.527734, 0.848481, -0.011613, -0.458743, -0.744747, -0.48467, -0.005093, 0.0, 0.0, 0.0, 1.0],
                [0.887682, -0.408468, -0.212541, -0.145513, -0.039682, -0.527734, 0.848481, -0.011613, -0.458743, -0.744747, -0.48467, -0.005093, 0.0, 0.0, 0.0, 1.0],
                [0.887682, -0.408468, -0.212541, -0.145513, -0.039682, -0.527734, 0.848481, -0.011613, -0.458743, -0.744747, -0.48467, -0.005093, 0.0, 0.0, 0.0, 1.0],
                [0.887682, -0.408468, -0.212541, -0.145513, -0.039682, -0.527734, 0.848481, -0.011613, -0.458743, -0.744747, -0.48467, -0.005093, 0.0, 0.0, 0.0, 1.0]
            ]
        },
        {
            "name": "Leg_L",
            "time": [0.0, 1.9333, 8.4167, 11.6],
            "transform": [
                [1.0, -0.0, 1e-06, 0.0, -0.0, 0.523552, 0.851994, 0.37472, -1e-06, -0.851993, 0.523553, -0.0, 0.0, 0.0, 0.0, 1.0],
                [1.0, -0.0, 1e-06, 0.0, -0.0, 0.523552, 0.851994, 0.37472, -1e-06, -0.851993, 0.523553, -0.0, 0.0, 0.0, 0.0, 1.0],
                [1.0, -0.0, 1e-06, 0.0, -0.0, 0.523552, 0.851994, 0.37472, -1e-06, -0.851993, 0.523553, -0.0, 0.0, 0.0, 0.0, 1.0],
                [1.0, -0.0, 1e-06, 0.0, -0.0, 0.523552, 0.851994, 0.37472, -1e-06, -0.851993, 0.523553, -0.0, 0.0, 0.0, 0.0, 1.0]
            ]
        },
        {
            "name": "Knee_L",
            "time": [0.0, 1.9333, 8.4167, 11.6],
            "transform": [
                [1.0, 0.0, -0.0, 0.0, -0.0, 1e-06, -1.0, 0.42684, -0.0, 1.0, 1e-06, -0.0, 0.0, 0.0, 0.0, 1.0],
                [1.0, 0.0, -0.0, 0.0, -0.0, 1e-06, -1.0, 0.42684, -0.0, 1.0, 1e-06, -0.0, 0.0, 0.0, 0.0, 1.0],
                [1.0, 0.0, -0.0, 0.0, -0.0, 1e-06, -1.0, 0.42684, -0.0, 1.0, 1e-06, -0.0, 0.0, 0.0, 0.0, 1.0],
                [1.0, 0.0, -0.0, 0.0, -0.0, 1e-06, -1.0, 0.42684, -0.0, 1.0, 1e-06, -0.0, 0.0, 0.0, 0.0, 1.0]
            ]
        },
        {
            "name": "Torso",
            "time": [0.0, 1.0, 2.0],
            "transform": [
                [1.0, 0.0, 0.0, 0.0, 0.0, 0.984808, 0.173648, 0.05, 0.0, -0.173648, 0.984808, 0.0, 0.0, 0.0, 0.0, 1.0],
                [1.0, 0.0, 0.0, 0.0, 0.0, 0.984808, 0.173648, 0.05, 0.0, -0.173648, 0.984808, 0.0, 0.0, 0.0, 0.0, 1.0],
                [1.0, 0.0, 0.0, 0.0, 0.0, 0.984808, 0.173648, 0.05, 0.0, -0.173648, 0.984808, 0.0, 0.0, 0.0, 0.0, 1.0]
            ]
        },
        {
            "name": "Chest",
            "time": [0.0, 1.0, 2.0],
            "transform": [
                [0.965926, -0.109382, 0.23457, 0.0, -0.044943, 0.821653, 0.568214, 0.3, -0.254887, -0.559395, 0.788739, 0.0, 0.0, 0.0, 0.0, 1.0],
                [0.965926, -0.109382, 0.23457, 0.0, -0.066987, 0.769771, 0.634795, 0.3, -0.25, -0.628878, 0.736215, 0.0, 0.0, 0.0, 0.0, 1.0],
                [0.965926, -0.109382, 0.23457, 0.0, -0.044943, 0.821653, 0.568214, 0.3, -0.254887, -0.559395, 0.788739, 0.0, 0.0, 0.0, 0.0, 1.0]
            ]
        },
        {
            "name": "Head",
            "time": [0.0, 1.0, 2.0],
            "transform": [
                [0.965783, -0.085172, -0.24497, 0.0, -0.110044, 0.720727, -0.684429, 0.4, 0.23485, 0.687967, 0.686693, -0.0, 0.0, 0.0, 0.0, 1.0],
                [0.965794, -0.10614, -0.236594, -0.0, -0.110068, 0.658326, -0.744642, 0.4, 0.234792, 0.745213, 0.624124, -0.0, 0.0, 0.0, 0.0, 1.0],
                [0.965783, -0.085172, -0.24497, 0.0, -0.110044, 0.720727, -0.684429, 0.4, 0.23485, 0.687967, 0.686693, -0.0, 0.0, 0.0, 0.0, 1.0]
            ]
        },
        {
            "name": "Shoulder_R",
            "time": [0.0, 1.0, 2.0],
            "transform": [
                [0.0, 0.952114, 0.305743, 0.0, 0.0, -0.305743, 0.952114, 0.4, 1.0, 0.0, -0.0, -0.0, 0.0, 0.0, 0.0, 1.0],
                [0.0, 0.952114, 0.305743, -0.0, 0.0, -0.305743, 0.952114, 0.4, 1.0, -0.0, -0.0, -0.0, 0.0, 0.0, 0.0, 1.0],
                [0.0, 0.952114, 0.305743, 0.0, 0.0, -0.305743, 0.952114, 0.4, 1.0, 0.0, -0.0, -0.0, 0.0, 0.0, 0.0, 1.0]
            ]
        },
        {
            "name": "Arm_R",
            "time": [0.0, 1.0, 2.0],
            "transform": [
                [0.179289, 0.151501, -0.972065, -0.0, 0.950292, 0.229004, 0.210966, 0.393861, 0.254567, -0.961569, -0.102912, 0.0, 0.0, 0.0, 0.0, 1.0],
                [0.184059, 0.165744, -0.968844, 0.0, 0.948722, 0.227772, 0.219203, 0.393861, 0.257005, -0.95951, -0.115322, 0.0, 0.0, 0.0, 0.0, 1.0],
                [0.179289, 0.151501, -0.972065, -0.0, 0.950292, 0.229004, 0.210966, 0.393861, 0.254567, -0.961569, -0.102912, 0.0, 0.0, 0.0, 0.0, 1.0]
            ]
        },
        {
            "name": "Hand_R",
            "time": [0.0, 1.0, 2.0],