{
    "animation": [
        {
            "name": "Root",
            "time": [0.0, 0.25, 0.35, 0.4833, 1.0],
            "transform": [
                [0.854689, 0.0, -0.51914, -5e-06, -0.51914, 0.0, -0.854689, 0.050569, 0.0, 1.0, 0.0, 0.755725, 0.0, 0.0, 0.0, 1.0],
                [0.943519, 0.0, -0.331318, -5e-06, -0.331318, 0.0, -0.943519, 0.073948, 0.0, 1.0, 0.0, 0.725213, 0.0, 0.0, 0.0, 1.0],
                [0.984674, 0.160987, 0.067089, -5e-06, -0.044672, 0.604641, -0.795245, -0.080347, -0.168589, 0.78006, 0.602565, 0.574597, 0.0, 0.0, 0.0, 1.0],
                [0.974174, 0.15837, 0.160945, -5e-06, -0.0, 0.712787, -0.701381, -0.116922, -0.225797, 0.683267, 0.694379, 0.541632, 0.0, 0.0, 0.0, 1.0],
                [0.974174, 0.15837, 0.160945, -5e-06, -0.0, 0.712787, -0.701381, -0.116922, -0.225797, 0.683267, 0.694379, 0.541632, 0.0, 0.0, 0.0, 1.0]
            ]
        },
        {
            "name": "Thigh_R",
            "time": [0.0, 0.25, 0.35, 1.0],
            "transform": [
                [0.99383, 0.085676, -0.070435, 0.124994, 0.090558, -0.993474, 0.069314, -0.002831, -0.064037, -0.075264, -0.995106, -1.1e-05, 0.0, 0.0, 0.0, 1.0],
                [0.977525, 0.161149, 0.13592, 0.124994, 0.15058, -0.98495, 0.084819, -0.002831, 0.147543, -0.062445, -0.987083, -1.2e-05, 0.0, 0.0, 0.0, 1.0],
                [0.918096, 0.350076, 0.185865, 0.113746, 0.206842, -0.823183, 0.528756, -0.002831, 0.338106, -0.447003, -0.828174, 0.009462, 0.0, 0.0, 0.0, 1.0],
                [0.918096, 0.350076, 0.185865, 0.113746, 0.206842, -0.823183, 0.528756, -0.002831, 0.338106, -0.447003, -0.828174, 0.009462, 0.0, 0.0, 0.0, 1.0]
            ]
        },
        {
            "name": "Leg_R",
            "time": [0.0, 0.25, 0.35, 0.4833, 1.0],
            "transform": [
                [1.0, -0.0, 1e-06, -0.0, -0.0, 0.969087, 0.24672, 0.374726, -1e-06, -0.246721, 0.969086, -0.0, 0.0, 0.0, 0.0, 1.0],
                [1.0, -0.0, 1e-06, -0.0, -0.0, 0.879975, 0.475021, 0.374726, -1e-06, -0.475021, 0.879974, -0.0, 0.0, 0.0, 0.0, 1.0],
                [1.0, -1e-06, 1e-06, -0.0, -1e-06, 0.54696, 0.837159, 0.374726, -1e-06, -0.83716, 0.546959, 0.0, 0.0, 0.0, 0.0, 1.0],
                [1.0, -1e-06, 1e-06, -0.0, -1e-06, 0.502491, 0.864582, 0.374726, -1e-06, -0.864583, 0.50249, -0.0, 0.0, 0.0, 0.0, 1.0],
                [1.0, -1e-06, 1e-06, -0.0, -1e-06, 0.502491, 0.864582, 0.374726, -1e-06, -0.864583, 0.50249, -0.0, 0.0, 0.0, 0.0, 1.0]
            ]
        },
        {
            "name": "Knee_R",
            "time": [0.0, 0.25, 0.35, 0.4833, 1.0],
            "transform": [
                [1.0, 0.0, -0.0, -0.0, -0.0, 1e-06, -1.0, 0.37472, -0.0, 1.0, 1e-06, 0.0, 0.0, 0.0, 0.0, 1.0],
                [1.0, -0.0, -0.0, -0.0, 0.0, 1e-06, -1.0, 0.37472, 0.0, 1.0, 1e-06, -0.0, 0.0, 0.0, 0.0, 1.0],
                [1.0, -0.0, 0.0, -0.0, 0.0, 1e-06, -1.0, 0.423929, -0.0, 1.0, 1e-06, 0.0, 0.0, 0.0, 0.0, 1.0],
                [1.0, 0.0, 0.0, -0.0, 0.0, 1e-06, -1.0, 0.429418, -0.0, 1.0, 1e-06, 0.0, 0.0, 0.0, 0.0, 1.0],
                [1.0, 0.0, 0.0, -0.0, 0.0, 1e-06, -1.0, 0.429418, -0.0, 1.0, 1e-06, 0.0, 0.0, 0.0, 0.0, 1.0]
            ]
        },
        {
            "name": "Thigh_L",
            "time": [0.0, 0.25, 0.35, 0.4833, 1.0],
            "transform": [
                [0.866212, -0.134415, -0.481257, -0.125006, -0.025053, -0.973609, 0.226836, -0.002831, -0.499047, -0.184431, -0.846721, -1.2e-05, 0.0, 0.0, 0.0, 1.0],
                [0.945248, -0.156365, -0.286454, -0.125006, -0.011446, -0.893088, 0.449734, -0.002831, -0.326152, -0.421831, -0.845981, -1.2e-05, 0.0, 0.0, 0.0, 1.0],
                [0.980035, -0.043111, -0.194092, -0.1144, 0.198124, 0.130011, 0.971516, -0.002831, -0.016649, -0.990574, 0.135956, -0.045249, 0.0, 0.0, 0.0, 1.0],
                [0.977129, -0.028328, -0.210749, -0.113068, 0.206356, 0.365567, 0.907622, -0.002714, 0.051332, -0.930352, 0.363052, -0.051062, 0.0, 0.0, 0.0, 1.0],
                [0.977129, -0.028328, -0.210749, -0.113068, 0.206356, 0.365567, 0.907622, -0.002714, 0.051332, -0.930352, 0.363052, -0.051062, 0.0, 0.0, 0.0, 1.0]
            ]
        },
        {
            "name": "Leg_L",
            "time": [0.0, 0.25, 0.35, 0.4833, 1.0],
            "transform": [
                [1.0, -0.0, 1e-06, -0.0, -0.0, 0.975546, 0.219795, 0.374726, -1e-06, -0.219795, 0.975546, -0.0, 0.0, 0.0, 0.0, 1.0],
                [1.0, -0.0, 1e-06, 0.0, -0.0, 0.914702, 0.404128, 0.374726, -1e-06, -0.404128, 0.914703, 0.0, 0.0, 0.0, 0.0, 1.0],
                [1.0, -1e-06, 1e-06, -0.0, -1e-06, 0.491179, 0.871059, 0.374726, -1e-06, -0.871058, 0.49118, -0.0, 0.0, 0.0, 0.0, 1.0],
                [1.0, -1e-06, 0.0, -0.0, 0.0, 0.391486, 0.920184, 0.374726, -1e-06, -0.920184, 0.391486, -0.0, 0.0, 0.0, 0.0, 1.0],
                [1.0, -1e-06, 0.0, -0.0, 0.0, 0.391486, 0.920184, 0.374726, -1e-06, -0.920184, 0.391486, -0.0, 0.0, 0.0, 0.0, 1.0]
            ]
        },
        {
            "name": "Knee_L",
            "time": [0.0, 0.25, 0.35, 0.4833, 1.0],
            "transform": [
                [1.0, -0.0, -0.0, 0.0, -0.0, 1e-06, -1.0, 0.37472, 0.0, 1.0, 1e-06, 0.0, 0.0, 0.0, 0.0, 1.0],
                [1.0, -0.0, -0.0, -0.0, 0.0, 1e-06, -1.0, 0.37472, 0.0, 1.0, 1e-06, -0.0, 0.0, 0.0, 0.0, 1.0],
                [1.0, -0.0, 0.0, -0.0, 0.0, 1e-06, -1.0, 0.430787, 0.0, 1.0, 1e-06, -0.0, 0.0, 0.0, 0.0, 1.0],
                [1.0, 0.0, 0.0, -0.0, -0.0, 1e-06, -1.0, 0.442467, -0.0, 1.0, 1e-06, 0.0, 0.0, 0.0, 0.0, 1.0],
                [1.0, 0.0, 0.0, -0.0, -0.0, 1e-06, -1.0, 0.442467, -0.0, 1.0, 1e-06, 0.0, 0.0, 0.0, 0.0, 1.0]
            ]
        },
        {
            "name": "Torso",
            "time": [0.0, 0.25, 0.4833, 1.0],
            "transform": [
                [0.99978, -0.020971, -0.000197, -0.0, 0.020971, 0.999603, 0.018833, 0.05, -0.000198, -0.018833, 0.999823, 0.0, 0.0, 0.0, 0.0, 1.0],
                [0.99978, -0.020971, -0.000197, 0.0, 0.020971, 0.999603, 0.018833, 0.05, -0.000198, -0.018833, 0.999823, 0.0, 0.0, 0.0, 0.0, 1.0],
                [0.999761, 0.010791, 0.018992, 0.0, 0.004342, 0.753955, -0.656912, 0.05, -0.021408, 0.656838, 0.753728, 0.0, 0.0, 0.0, 0.0, 1.0],
                [0.999761, 0.010791, 0.018992, 0.0, 0.004342, 0.753955, -0.656912, 0.05, -0.021408, 0.656838, 0.753728, 0.0, 0.0, 0.0, 0.0, 1.0]
            ]
        },
        {
            "name": "Chest",
            "time": [0.0, 0.25, 0.4833, 1.0],
            "transform": [
                [0.999771, -0.021411, -0.000206, 0.0, 0.021411, 0.999586, 0.019222, 0.3, -0.000206, -0.019222, 0.999815, 0.0, 0.0, 0.0, 0.0, 1.0],
                [0.999814, -0.019307, 0.000259, 0.0, 0.019263, 0.998306, 0.054898, 0.3, -0.001318, -0.054882, 0.998492, 0.0, 0.0, 0.0, 0.0, 1.0],
                [0.995966, -0.082343, -0.035651, -0.0, 0.085045, 0.739572, 0.667683, 0.3, -0.028613, -0.668022, 0.743592, 0.0, 0.0, 0.0, 0.0, 1.0],
                [0.995966, -0.082343, -0.035651, -0.0, 0.085045, 0.739572, 0.667683, 0.3, -0.028613, -0.668022, 0.743592, 0.0, 0.0, 0.0, 0.0, 1.0]
            ]
        },
        {
            "name": "Head",
            "time": [0.0, 0.25, 0.35, 1.0],
            "transform": [
                [0.85311, 0.037721, 0.520365, -0.0, -0.006297, 0.998055, -0.062025, 0.4, -0.521692, 0.049637, 0.851688, 0.0, 0.0, 0.0, 0.0, 1.0],
                [0.944052, 0.041667, 0.327156, -0.0, -0.015391, 0.996472, -0.082498, 0.4, -0.329439, 0.072847, 0.941362, -0.0, 0.0, 0.0, 0.0, 1.0],
                [0.993999, -0.106586, -0.024602, -0.0, 0.088573, 0.916215, -0.390775, 0.4, 0.064192, 0.386251, 0.920157, 0.0, 0.0, 0.0, 0.0, 1.0],
                [0.993999, -0.106586, -0.024602, -0.0, 0.088573, 0.916215, -0.390775, 0.4, 0.064192, 0.386251, 0.920157, 0.0, 0.0, 0.0, 0.0, 1.0]
            ]
        },
        {
            "name": "Shoulder_R",
            "time": [0.0, 0.25, 0.35, 1.0],