{
    "animation": [
        {
            "name": "Root",
            "time": [0.0, 0.1333, 0.2, 0.2667, 0.4333, 0.6, 1.0],
            "transform": [
                [0.895159, -0.109874, -0.431994, -5e-06, -0.419222, 0.121807, -0.899675, 0.259154, 0.151471, 0.986454, 0.062975, 0.564434, 0.0, 0.0, 0.0, 1.0],
                [-0.079774, 0.073684, -0.994086, -5e-06, -0.980935, 0.171484, 0.091429, 0.320595, 0.177207, 0.982427, 0.058599, 0.460895, 0.0, 0.0, 0.0, 1.0],
                [0.650912, 0.347839, -0.674775, -5e-06, -0.634712, 0.736988, -0.232357, 1.379723, 0.416478, 0.579532, 0.700492, 0.957134, 0.0, 0.0, 0.0, 1.0],
                [-0.0, 0.0, 1.0, -5e-06, 0.0, 1.0, 0.0, 2.591663, -1.0, -0.0, 0.0, 1.253374, 0.0, 0.0, 0.0, 1.0],
                [-0.941844, -0.098013, -0.321438, -5e-06, -0.098451, 0.99503, -0.014934, 9.449242, 0.321305, 0.017581, -0.946812, 1.253374, 0.0, 0.0, 0.0, 1.0],
                [0.756222, 0.0, -0.654315, -5e-06, 0.0, 1.0, 0.0, 15.00741, 0.654315, -0.0, 0.756222, 1.253374, 0.0, 0.0, 0.0, 1.0],
                [0.895159, -0.109874, -0.431994, -5e-06, -0.419222, 0.121807, -0.899675, 15.888401, 0.151471, 0.986454, 0.062975, 0.564434, 0.0, 0.0, 0.0, 1.0]
            ]
        },
        {
            "name": "Thigh_R",
            "time": [0.0, 0.1333, 0.1667, 0.2, 0.2667, 0.6, 1.0],
            "transform": [
                [0.947091, 0.155062, -0.281023, 0.124994, 0.293206, -0.77416, 0.560985, -0.002831, -0.13057, -0.6137, -0.778667, -1.2e-05, 0.0, 0.0, 0.0, 1.0],
                [0.884997, 0.141457, -0.443587, 0.124994, 0.450091, -0.50374, 0.737335, -0.002831, -0.119151, -0.852193, -0.509478, -1.2e-05, 0.0, 0.0, 0.0, 1.0],
                [0.884565, 0.269474, -0.380694, 0.124994, 0.408639, -0.841236, 0.354025, -0.002831, -0.224853, -0.468723, -0.854248, -1.2e-05, 0.0, 0.0, 0.0, 1.0],
                [0.892353, 0.310093, -0.327944, 0.124994, 0.373379, -0.915402, 0.15041, -0.002831, -0.25356, -0.256666, -0.932647, -1.2e-05, 0.0, 0.0, 0.0, 1.0],
                [0.978784, 0.204586, 0.011235, 0.090996, 0.078079, -0.423118, 0.902704, -0.002831, 0.189434, -0.882673, -0.430117, 0.130476, 0.0, 0.0, 0.0, 1.0],
                [0.763072, 0.100654, -0.638428, 0.124994, 0.237215, -0.962475, 0.131786, -0.002832, -0.601207, -0.252006, -0.758316, -1.2e-05, 0.0, 0.0, 0.0, 1.0],
                [0.947091, 0.155062, -0.281023, 0.124994, 0.293206, -0.77416, 0.560985, -0.002831, -0.13057, -0.6137, -0.778667, -1.2e-05, 0.0, 0.0, 0.0, 1.0]
            ]
        },
        {
            "name": "Leg_R",
            "time": [0.0, 0.1333, 0.1667, 0.2, 0.2667, 0.6, 1.0],
            "transform": [
                [1.0, -1e-06, 1e-06, 0.0, 0.0, 0.654932, 0.755688, 0.374726, -1e-06, -0.755689, 0.654931, 0.0, 0.0, 0.0, 0.0, 1.0],
                [1.0, -1e-06, 0.0, -0.0, 0.0, 0.249845, 0.968285, 0.374726, -1e-06, -0.968287, 0.249844, -0.0, 0.0, 0.0, 0.0, 1.0],
                [1.0, -0.0, 1e-06, -0.0, -0.0, 0.925285, 0.379274, 0.374726, -1e-06, -0.379274, 0.925284, 0.0, 0.0, 0.0, 0.0, 1.0],
                [1.0, 0.0, 1e-06, 0.0, 0.0, 1.000001, -0.0, 0.374726, -1e-06, -0.0, 0.999999, -0.0, 0.0, 0.0, 0.0, 1.0],
                [1.0, -1e-06, 1e-06, 0.0, -0.0, 0.465757, 0.884912, 0.374726, -1e-06, -0.884914, 0.465756, -0.0, 0.0, 0.0, 0.0, 1.0],
                [1.0, -0.0, 1e-06, 0.0, -0.0, 0.893293, 0.449475, 0.374727, -1e-06, -0.449476, 0.893292, -0.0, 0.0, 0.0, 0.0, 1.0],
                [1.0, -1e-06, 1e-06, 0.0, 0.0, 0.654932, 0.755688, 0.374727, -1e-06, -0.755689, 0.654931, 0.0, 0.0, 0.0, 0.0, 1.0]
            ]
        },
        {
            "name": "Knee_R",
            "time": [0.0, 0.1333, 0.1667, 0.2, 0.2667, 0.6, 1.0],
            "transform": [
                [1.0, -0.0, -0.0, -0.0, -0.0, 1e-06, -1.0, 0.4156, 0.0, 1.0, 1e-06, 0.0, 0.0, 0.0, 0.0, 1.0],
                [1.0, -0.0, 0.0, 0.0, -0.0, 1e-06, -1.0, 0.457046, 0.0, 1.0, 1e-06, -0.0, 0.0, 0.0, 0.0, 1.0],
                [1.0, 0.0, -0.0, -0.0, -0.0, 1e-06, -1.0, 0.37472, 0.0, 1.0, 1e-06, -0.0, 0.0, 0.0, 0.0, 1.0],
                [1.0, -0.0, 0.0, 0.0, 0.0, 1e-06, -1.0, 0.37472, -0.0, 1.0, 1e-06, -0.0, 0.0, 0.0, 0.0, 1.0],
                [1.0, -0.0, 0.0, -0.0, 0.0, 1e-06, -1.0, 0.436217, 0.0, 1.0, 1e-06, -0.0, 0.0, 0.0, 0.0, 1.0],
                [1.0, 0.0, -0.0, -0.0, -0.0, 1e-06, -1.0, 0.380537, -0.0, 1.0, 1e-06, -0.0, 0.0, 0.0, 0.0, 1.0],
                [1.0, -0.0, -0.0, -0.0, -0.0, 1e-06, -1.0, 0.415601, 0.0, 1.0, 1e-06, 1e-06, 0.0, 0.0, 0.0, 1.0]
            ]
        },
        {
            "name": "Thigh_L",
            "time": [0.0, 0.1333, 0.1667, 0.2, 0.2667, 0.6, 1.0],
            "transform": [
                [0.291385, -0.885806, -0.361169, -0.125006, -0.137424, -0.412398, 0.900579, -0.002831, -0.946683, -0.212782, -0.241898, -1.2e-05, 0.0, 0.0, 0.0, 1.0],
                [0.064368, -0.997628, 0.024403, -0.125006, -0.015289, 0.023465, 0.999607, -0.002831, -0.997809, -0.064716, -0.013743, -1.2e-05, 0.0, 0.0, 0.0, 1.0],
                [0.520902, -0.523152, -0.674516, -0.125006, 0.262224, -0.65391, 0.709675, -0.002831, -0.812341, -0.546546, -0.20344, -1.2e-05, 0.0, 0.0, 0.0, 1.0],
                [0.589636, 0.320382, -0.741407, -0.125006, 0.350827, -0.928434, -0.122191, -0.002831, -0.727496, -0.188057, -0.659836, -1.2e-05, 0.0, 0.0, 0.0, 1.0],
                [0.647514, -0.559631, -0.51724, -0.108374, 0.019964, -0.666056, 0.745635, -0.00283, -0.761791, -0.493136, -0.420108, -0.060998, 0.0, 0.0, 0.0, 1.0],
                [-0.213891, -0.508007, -0.834373, -0.020283, -0.280495, -0.786232, 0.5506, -0.002831, -0.93572, 0.351806, 0.025675, 0.086231, 0.0, 0.0, 0.0, 1.0],
                [0.291385, -0.885806, -0.361169, -0.125006, -0.137424, -0.412398, 0.900579, -0.002831, -0.946683, -0.212782, -0.241898, -1.2e-05, 0.0, 0.0, 0.0, 1.0]
            ]
        },
        {
            "name": "Leg_L",
            "time": [0.0, 0.1333, 0.1667, 0.2, 0.2667, 0.6, 1.0],
            "transform": [
                [1.0, -1e-06, 0.0, 0.0, 0.0, 0.452861, 0.891581, 0.374726, -1e-06, -0.891581, 0.452861, 0.0, 0.0, 0.0, 0.0, 1.0],
                [1.0, -1e-06, -0.0, 0.0, -0.0, -0.078885, 0.996884, 0.374726, -1e-06, -0.996883, -0.078885, 0.0, 0.0, 0.0, 0.0, 1.0],
                [1.0, -1e-06, 1e-06, 0.0, -1e-06, 0.166119, 0.986106, 0.374726, -1e-06, -0.986105, 0.166119, 0.0, 0.0, 0.0, 0.0, 1.0],
                [1.0, 0.0, 1e-06, -0.0, 0.0, 1.0, 0.0, 0.374726, -1e-06, -0.0, 1.0, 0.0, 0.0, 0.0, 0.0, 1.0],
                [1.0, -1e-06, 0.0, 0.0, 0.0, 0.200495, 0.979695, 0.374726, -1e-06, -0.979694, 0.200495, 0.0, 0.0, 0.0, 0.0, 1.0],
                [1.0, -1e-06, 1e-06, 0.0, 0.0, 0.860833, 0.508887, 0.374726, -1e-06, -0.508886, 0.860834, 0.0, 0.0, 0.0, 0.0, 1.0],
                [1.0, -1e-06, 0.0, 0.0, 0.0, 0.452861, 0.891581, 0.374726, -1e-06, -0.891581, 0.452861, -0.0, 0.0, 0.0, 0.0, 1.0]
            ]
        },
        {
            "name": "Knee_L",
            "time": [0.0, 0.1333, 0.1667, 0.2, 0.2667, 0.6, 1.0],
            "transform": [
                [1.0, -0.0, -0.0, 0.0, 0.0, 1e-06, -1.0, 0.43752, 0.0, 1.0, 1e-06, 0.0, 0.0, 0.0, 0.0, 1.0],
                [1.0, 0.0, -0.0, 0.0, 0.0, 1e-06, -1.0, 0.47972, 0.0, 1.0, 1e-06, 0.0, 0.0, 0.0, 0.0, 1.0],
                [1.0, 0.0, 0.0, 0.0, -0.0, 1e-06, -1.0, 0.464734, -0.0, 1.0, 1e-06, 0.0, 0.0, 0.0, 0.0, 1.0],
                [1.0, -0.0, 0.0, -0.0, -0.0, 1e-06, -1.0, 0.37472, 0.0, 1.0, 1e-06, 0.0, 0.0, 0.0, 0.0, 1.0],
                [1.0, 0.0, -0.0, 0.0, -0.0, 1e-06, -1.0, 0.461595, -0.0, 1.0, 1e-06, -0.0, 0.0, 0.0, 0.0, 1.0],
                [1.0, -0.0, -0.0, -0.0, 0.0, 1e-06, -1.0, 0.386615, 0.0, 1.0, 1e-06, 2e-06, 0.0, 0.0, 0.0, 1.0],
                [1.0, -0.0, -0.0, -0.0, 0.0, 1e-06, -1.0, 0.43752, 0.0, 1.0, 1e-06, -1e-06, 0.0, 0.0, 0.0, 1.0]
            ]
        },
        {
            "name": "Torso",
            "time": [0.0, 0.1333, 0.2667, 0.6, 1.0],