{
    "animation": [
        {
            "name": "Root",
            "time": [0.0, 0.2167, 0.4167, 0.5167, 0.6667],
            "transform": [
                [0.810601, 0.0, -0.585599, 1.7e-05, -0.585599, 0.0, -0.810601, 0.000905, 0.0, 1.0, 0.0, 0.719394, 0.0, 0.0, 0.0, 1.0],
                [0.810601, 0.0, -0.585599, 1.7e-05, -0.585599, 0.0, -0.810601, 0.000905, 0.0, 1.0, 0.0, 0.719394, 0.0, 0.0, 0.0, 1.0],
                [0.810601, 0.0, -0.585599, 1.7e-05, -0.585599, 0.0, -0.810601, 0.000905, 0.0, 1.0, 0.0, 0.719394, 0.0, 0.0, 0.0, 1.0],
                [0.810601, 0.0, -0.585599, 1.7e-05, -0.585599, 0.0, -0.810601, 0.000905, 0.0, 1.0, 0.0, 0.719394, 0.0, 0.0, 0.0, 1.0],
                [0.810601, 0.0, -0.585599, 1.7e-05, -0.585599, 0.0, -0.810601, 0.000905, 0.0, 1.0, 0.0, 0.719394, 0.0, 0.0, 0.0, 1.0]
            ]
        },
        {
            "name": "Thigh_R",
            "time": [0.0, 0.2167, 0.4167, 0.5167, 0.6667],
            "transform": [
                [0.739952, 0.244304, 0.626726, 0.124994, 0.228802, -0.967571, 0.107031, -0.002831, 0.63255, 0.064199, -0.771854, -1.2e-05, 0.0, 0.0, 0.0, 1.0],
                [0.739952, 0.244304, 0.626726, 0.124994, 0.228802, -0.967571, 0.107031, -0.002831, 0.63255, 0.064199, -0.771854, -1.2e-05, 0.0, 0.0, 0.0, 1.0],
                [0.739952, 0.244304, 0.626726, 0.124994, 0.228802, -0.967571, 0.107031, -0.002831, 0.63255, 0.064199, -0.771854, -1.2e-05, 0.0, 0.0, 0.0, 1.0],
                [0.739952, 0.244304, 0.626726, 0.124994, 0.228802, -0.967571, 0.107031, -0.002831, 0.63255, 0.064199, -0.771854, -1.2e-05, 0.0, 0.0, 0.0, 1.0],
                [0.739952, 0.244304, 0.626726, 0.124994, 0.228802, -0.967571, 0.107031, -0.002831, 0.63255, 0.064199, -0.771854, -1.2e-05, 0.0, 0.0, 0.0, 1.0]
            ]
        },
        {
            "name": "Leg_R",
            "time": [0.0, 0.2167, 0.4167, 0.5167, 0.6667],
            "transform": [
                [1.0, -0.0, 1e-06, 0.0, -0.0, 0.972154, 0.234356, 0.374726, -1e-06, -0.234358, 0.972147, -0.0, 0.0, 0.0, 0.0, 1.0],
                [1.0, -0.0, 1e-06, 0.0, -0.0, 0.972154, 0.234356, 0.374726, -1e-06, -0.234358, 0.972147, -0.0, 0.0, 0.0, 0.0, 1.0],
                [1.0, -0.0, 1e-06, 0.0, -0.0, 0.972154, 0.234356, 0.374726, -1e-06, -0.234358, 0.972147, -0.0, 0.0, 0.0, 0.0, 1.0],
                [1.0, -0.0, 1e-06, 0.0, -0.0, 0.972154, 0.234356, 0.374726, -1e-06, -0.234358, 0.972147, -0.0, 0.0, 0.0, 0.0, 1.0],
                [1.0, -0.0, 1e-06, 0.0, -0.0, 0.972154, 0.234356, 0.374726, -1e-06, -0.234358, 0.972147, -0.0, 0.0, 0.0, 0.0, 1.0]
            ]
        },
        {
            "name": "Knee_R",
            "time": [0.0, 0.2167, 0.4167, 0.5167, 0.6667],
            "transform": [
                [1.0, -0.0, 0.0, -0.0, -0.0, -0.0, -1.0, 0.37472, 0.0, 1.0, 0.0, 0.0, 0.0, 0.0, 0.0, 1.0],
                [1.0, -0.0, 0.0, -0.0, -0.0, -0.0, -1.0, 0.37472, 0.0, 1.0, 0.0, 0.0, 0.0, 0.0, 0.0, 1.0],
                [1.0, -0.0, 0.0, -0.0, -0.0, -0.0, -1.0, 0.37472, 0.0, 1.0, 0.0, 0.0, 0.0, 0.0, 0.0, 1.0],
                [1.0, -0.0, 0.0, -0.0, -0.0, -0.0, -1.0, 0.37472, 0.0, 1.0, 0.0, 0.0, 0.0, 0.0, 0.0, 1.0],
                [1.0, -0.0, 0.0, -0.0, -0.0, -0.0, -1.0, 0.37472, 0.0, 1.0, 0.0, 0.0, 0.0, 0.0, 0.0, 1.0]
            ]
        },
        {
            "name": "Thigh_L",
            "time": [0.0, 0.2167, 0.4167, 0.5167, 0.6667],
            "transform": [
                [0.853687, -0.201911, -0.480053, -0.125006, -0.032298, -0.940537, 0.338155, -0.002831, -0.519784, -0.273174, -0.809445, -1.2e-05, 0.0, 0.0, 0.0, 1.0],
                [0.853687, -0.201911, -0.480053, -0.125006, -0.032298, -0.940537, 0.338155, -0.002831, -0.519784, -0.273174, -0.809445, -1.2e-05, 0.0, 0.0, 0.0, 1.0],
                [0.853687, -0.201911, -0.480053, -0.125006, -0.032298, -0.940537, 0.338155, -0.002831, -0.519784, -0.273174, -0.809445, -1.2e-05, 0.0, 0.0, 0.0, 1.0],
                [0.853687, -0.201911, -0.480053, -0.125006, -0.032298, -0.940537, 0.338155, -0.002831, -0.519784, -0.273174, -0.809445, -1.2e-05, 0.0, 0.0, 0.0, 1.0],
                [0.853687, -0.201911, -0.480053, -0.125006, -0.032298, -0.940537, 0.338155, -0.002831, -0.519784, -0.273174, -0.809445, -1.2e-05, 0.0, 0.0, 0.0, 1.0]
            ]
        },
        {
            "name": "Leg_L",
            "time": [0.0, 0.2167, 0.4167, 0.5167, 0.6667],
            "transform": [
                [1.0, -0.0, 1e-06, 0.0, -0.0, 0.933777, 0.357858, 0.374726, -1e-06, -0.357859, 0.933774, 0.0, 0.0, 0.0, 0.0, 1.0],
                [1.0, -0.0, 1e-06, 0.0, -0.0, 0.933777, 0.357858, 0.374726, -1e-06, -0.357859, 0.933774, 0.0, 0.0, 0.0, 0.0, 1.0],
                [1.0, -0.0, 1e-06, 0.0, -0.0, 0.933777, 0.357858, 0.374726, -1e-06, -0.357859, 0.933774, 0.0, 0.0, 0.0, 0.0, 1.0],
                [1.0, -0.0, 1e-06, 0.0, -0.0, 0.933777, 0.357858, 0.374726, -1e-06, -0.357859, 0.933774, 0.0, 0.0, 0.0, 0.0, 1.0],
                [1.0, -0.0, 1e-06, 0.0, -0.0, 0.933777, 0.357858, 0.374726, -1e-06, -0.357859, 0.933774, 0.0, 0.0, 0.0, 0.0, 1.0]
            ]
        },
        {
            "name": "Knee_L",
            "time": [0.0, 0.2167, 0.4167, 0.5167, 0.6667],
            "transform": [
                [1.0, 0.0, -0.0, 0.0, 0.0, 0.0, -1.0, 0.37472, 0.0, 1.0, 0.0, 0.0, 0.0, 0.0, 0.0, 1.0],
                [1.0, 0.0, -0.0, 0.0, 0.0, 0.0, -1.0, 0.37472, 0.0, 1.0, 0.0, 0.0, 0.0, 0.0, 0.0, 1.0],
                [1.0, 0.0, -0.0, 0.0, 0.0, 0.0, -1.0, 0.37472, 0.0, 1.0, 0.0, 0.0, 0.0, 0.0, 0.0, 1.0],
                [1.0, 0.0, -0.0, 0.0, 0.0, 0.0, -1.0, 0.37472, 0.0, 1.0, 0.0, 0.0, 0.0, 0.0, 0.0, 1.0],
                [1.0, 0.0, -0.0, 0.0, 0.0, 0.0, -1.0, 0.37472, 0.0, 1.0, 0.0, 0.0, 0.0, 0.0, 0.0, 1.0]
            ]
        },
        {
            "name": "Torso",
            "time": [0.0, 0.2167, 0.4167, 0.4667, 0.5167, 0.6667],
            "transform": [
                [1.0, 0.0, 0.0, 0.0, 0.0, 0.991761, -0.128102, 0.05, 0.0, 0.128102, 0.991761, 0.0, 0.0, 0.0, 0.0, 1.0],
                [0.983751, -0.179405, 0.006855, 0.0, 0.171548, 0.950559, 0.258863, 0.05, -0.052958, -0.253481, 0.96589, 0.0, 0.0, 0.0, 0.0, 1.0],
                [0.982152, -0.188041, 0.004273, 0.0, 0.179866, 0.945616, 0.271033, 0.05, -0.055006, -0.265427, 0.962561, 0.0, 0.0, 0.0, 0.0, 1.0],
                [0.982003, -0.188823, 0.004033, 0.0, 0.18062, 0.945156, 0.272135, 0.05, -0.055197, -0.266509, 0.96225, 0.0, 0.0, 0.0, 0.0, 1.0],
                [0.983893, -0.178665, 0.005728, 0.0, 0.171172, 0.950899, 0.257858, 0.05, -0.051517, -0.252725, 0.966166, 0.0, 0.0, 0.0, 0.0, 1.0],
                [1.0, 0.0, 0.0, 0.0, 0.0, 0.991761, -0.128102, 0.05, 0.0, 0.128102, 0.991761, 0.0, 0.0, 0.0, 0.0, 1.0]
            ]
        },
        {
            "name": "Chest",
            "time": [0.0, 0.2167, 0.4167, 0.4667, 0.5167, 0.6667],
            "transform": [
                [1.0, 0.0, 0.0, 0.0, 0.0, 0.983532, 0.180733, 0.3, -0.0, -0.180733, 0.983532, 0.0, 0.0, 0.0, 0.0, 1.0],
                [0.817161, -0.315921, 0.482121, -0.0, 0.020437, 0.851776, 0.523506, 0.3, -0.576046, -0.417936, 0.702495, -0.0, 0.0, 0.0, 0.0, 1.0],
                [0.817065, -0.333331, 0.47042, -0.0, 0.020055, 0.831867, 0.554613, 0.3, -0.576196, -0.443721, 0.686375, -0.0, 0.0, 0.0, 0.0, 1.0],
                [0.817057, -0.334884, 0.46933, 0.0, 0.02002, 0.83001, 0.557389, 0.3, -0.576209, -0.446023, 0.68487, 0.0, 0.0, 0.0, 0.0, 1.0],
                [0.817896, -0.327173, 0.473291, -0.0, 0.020762, 0.838836, 0.543987, 0.3, -0.574992, -0.435098, 0.692873, 0.0, 0.0, 0.0, 0.0, 1.0],
                [1.0, 0.0, 0.0, 0.0, 0.0, 0.983532, 0.180733, 0.3, -0.0, -0.180733, 0.983532, 0.0, 0.0, 0.0, 0.0, 1.0]
            ]
        },
        {
            "name": "Head",
            "time": [0.0, 0.2167, 0.4167, 0.5167, 0.6667],