{
    "animation": [
        {
            "name": "Root",
            "time": [0.0, 0.4167, 4.6667, 5.0],
            "transform": [
                [0.971552, 0.0, 0.236827, -0.043525, 0.236827, 0.0, -0.971552, -0.059728, 0.0, 1.0, 0.0, 0.719394, 0.0, 0.0, 0.0, 1.0],
                [0.99397, -0.090201, -0.062354, -0.043525, -0.05371, 0.095274, -0.994001, 0.412694, 0.0956, 0.991356, 0.089854, 0.451548, 0.0, 0.0, 0.0, 1.0],
                [0.99397, -0.090201, -0.062354, -0.043525, -0.05371, 0.095274, -0.994001, 0.412694, 0.0956, 0.991356, 0.089854, 0.451548, 0.0, 0.0, 0.0, 1.0],
                [0.971552, 0.0, 0.236827, -0.043525, 0.236827, 0.0, -0.971552, -0.059728, 0.0, 1.0, 0.0, 0.719394, 0.0, 0.0, 0.0, 1.0]
            ]
        },
        {
            "name": "Thigh_R",
            "time": [0.0, 0.4167, 4.6667, 5.0],
            "transform": [
                [0.989501, 0.132519, 0.057666, 0.124994, 0.12489, -0.984859, 0.120229, -0.002831, 0.072725, -0.111765, -0.99107, -1.1e-05, 0.0, 0.0, 0.0, 1.0],
                [0.989542, 0.138216, 0.041284, 0.119037, 0.004245, -0.313975, 0.949422, 0.022547, 0.144188, -0.939316, -0.311278, -0.043541, 0.0, 0.0, 0.0, 1.0],
                [0.989542, 0.138216, 0.041284, 0.119037, 0.004245, -0.313975, 0.949422, 0.022547, 0.144188, -0.939316, -0.311278, -0.043541, 0.0, 0.0, 0.0, 1.0],
                [0.989501, 0.132519, 0.057666, 0.124994, 0.12489, -0.984859, 0.120229, -0.002831, 0.072725, -0.111765, -0.99107, -1.1e-05, 0.0, 0.0, 0.0, 1.0]
            ]
        },
        {
            "name": "Leg_R",
            "time": [0.0, 0.4167, 4.6667, 5.0],
            "transform": [
                [1.0, -0.0, 1e-06, 0.0, -0.0, 0.972154, 0.234356, 0.374726, -1e-06, -0.234358, 0.972147, 0.0, 0.0, 0.0, 0.0, 1.0],
                [0.99956, -0.026217, 0.013839, -0.0, -0.00687, 0.249231, 0.96842, 0.374726, -0.028838, -0.968089, 0.248941, -0.0, 0.0, 0.0, 0.0, 1.0],
                [0.99956, -0.026217, 0.013839, -0.0, -0.00687, 0.249231, 0.96842, 0.374726, -0.028838, -0.968089, 0.248941, -0.0, 0.0, 0.0, 0.0, 1.0],
                [1.0, -0.0, 1e-06, 0.0, -0.0, 0.972154, 0.234356, 0.374726, -1e-06, -0.234358, 0.972147, 0.0, 0.0, 0.0, 0.0, 1.0]
            ]
        },
        {
            "name": "Knee_R",
            "time": [0.0, 0.4167, 4.6667, 5.0],
            "transform": [
                [1.0, -0.0, 0.0, 0.0, -0.0, -0.0, -1.0, 0.37472, 0.0, 1.0, 0.0, 0.0, 0.0, 0.0, 0.0, 1.0],
                [1.0, 0.0, -1e-06, -0.0, -1e-06, 0.0, -1.0, 0.374719, -0.0, 1.0, -0.0, -0.0, 0.0, 0.0, 0.0, 1.0],
                [1.0, 0.0, -1e-06, -0.0, -1e-06, 0.0, -1.0, 0.374719, -0.0, 1.0, -0.0, -0.0, 0.0, 0.0, 0.0, 1.0],
                [1.0, -0.0, 0.0, 0.0, -0.0, -0.0, -1.0, 0.37472, 0.0, 1.0, 0.0, 0.0, 0.0, 0.0, 0.0, 1.0]
            ]
        },
        {
            "name": "Thigh_L",
            "time": [0.0, 0.4167, 4.6667, 5.0],
            "transform": [
                [0.994754, -0.063106, -0.08051, -0.125006, -0.032298, -0.940537, 0.338155, -0.002831, -0.097062, -0.333781, -0.937641, -1.2e-05, 0.0, 0.0, 0.0, 1.0],
                [0.4744, -0.298896, -0.828013, -0.117989, -0.576161, -0.816572, -0.035338, -0.002217, -0.66557, 0.493833, -0.559594, 0.004018, 0.0, 0.0, 0.0, 1.0],
                [0.4744, -0.298896, -0.828013, -0.117989, -0.576161, -0.816572, -0.035338, -0.002217, -0.66557, 0.493833, -0.559594, 0.004018, 0.0, 0.0, 0.0, 1.0],
                [0.994754, -0.063106, -0.08051, -0.125006, -0.032298, -0.940537, 0.338155, -0.002831, -0.097062, -0.333781, -0.937641, -1.2e-05, 0.0, 0.0, 0.0, 1.0]
            ]
        },
        {
            "name": "Leg_L",
            "time": [0.0, 0.4167, 4.6667, 5.0],
            "transform": [
                [1.0, -0.0, 1e-06, 0.0, -0.0, 0.933777, 0.357858, 0.374726, -1e-06, -0.357859, 0.933774, 0.0, 0.0, 0.0, 0.0, 1.0],
                [0.998889, -0.009428, -0.046181, 0.0, 0.044239, 0.525639, 0.849557, 0.374726, 0.016265, -0.850655, 0.525472, -0.0, 0.0, 0.0, 0.0, 1.0],
                [0.998889, -0.009428, -0.046181, 0.0, 0.044239, 0.525639, 0.849557, 0.374726, 0.016265, -0.850655, 0.525472, -0.0, 0.0, 0.0, 0.0, 1.0],
                [1.0, -0.0, 1e-06, 0.0, -0.0, 0.933777, 0.357858, 0.374726, -1e-06, -0.357859, 0.933774, 0.0, 0.0, 0.0, 0.0, 1.0]
            ]
        },
        {
            "name": "Knee_L",
            "time": [0.0, 0.4167, 4.6667, 5.0],
            "transform": [
                [1.0, 0.0, -0.0, -0.0, 0.0, -0.0, -1.0, 0.374721, 0.0, 1.0, 0.0, 1e-06, 0.0, 0.0, 0.0, 1.0],
                [1.0, 0.0, -1e-06, 0.0, -1e-06, -0.0, -1.0, 0.374721, 0.0, 1.0, 0.0, -0.0, 0.0, 0.0, 0.0, 1.0],
                [1.0, 0.0, -1e-06, 0.0, -1e-06, -0.0, -1.0, 0.374721, 0.0, 1.0, 0.0, -0.0, 0.0, 0.0, 0.0, 1.0],
                [1.0, 0.0, -0.0, -0.0, 0.0, -0.0, -1.0, 0.374721, 0.0, 1.0, 0.0, 1e-06, 0.0, 0.0, 0.0, 1.0]
            ]
        },
        {
            "name": "Torso",
            "time": [0.0, 0.4167, 4.6667, 5.0],
            "transform": [
                [1.0, -0.0, 0.0, 0.0, 0.0, 0.991761, -0.128102, 0.05, -0.0, 0.128102, 0.991761, 0.0, 0.0, 0.0, 0.0, 1.0],
                [0.998859, 0.047759, 0.000175, -0.0, -0.047114, 0.984758, 0.167429, 0.05, 0.007824, -0.167246, 0.985884, 0.0, 0.0, 0.0, 0.0, 1.0],
                [0.998859, 0.047759, 0.000175, -0.0, -0.047114, 0.984758, 0.167429, 0.05, 0.007824, -0.167246, 0.985884, 0.0, 0.0, 0.0, 0.0, 1.0],
                [1.0, -0.0, 0.0, 0.0, 0.0, 0.991761, -0.128102, 0.05, -0.0, 0.128102, 0.991761, 0.0, 0.0, 0.0, 0.0, 1.0]
            ]
        },
        {
            "name": "Chest",
            "time": [0.0, 0.4167, 4.6667, 5.0],
            "transform": [
                [1.0, 0.0, 0.0, 0.0, -0.0, 0.983532, 0.180733, 0.3, -0.0, -0.180733, 0.983532, 0.0, 0.0, 0.0, 0.0, 1.0],
                [0.922963, -0.045283, -0.382217, 0.0, 0.354682, 0.485712, 0.798927, 0.3, 0.14947, -0.872945, 0.464355, 0.0, 0.0, 0.0, 0.0, 1.0],
                [0.922963, -0.045283, -0.382217, 0.0, 0.354682, 0.485712, 0.798927, 0.3, 0.14947, -0.872945, 0.464355, 0.0, 0.0, 0.0, 0.0, 1.0],
                [1.0, 0.0, 0.0, 0.0, -0.0, 0.983532, 0.180733, 0.3, -0.0, -0.180733, 0.983532, 0.0, 0.0, 0.0, 0.0, 1.0]
            ]
        },
        {
            "name": "Head",
            "time": [0.0, 0.4167, 4.6667, 5.0],
            "transform": [
                [0.956588, 0.021943, -0.290616, 0.0, -0.010103, 0.999058, 0.04218, 0.4, 0.291268, -0.037412, 0.95591, -0.0, 0.0, 0.0, 0.0, 1.0],
                [0.892502, 0.314301, 0.323505, -0.0, 0.055796, 0.634792, -0.770665, 0.4, -0.447579, 0.70587, 0.549016, -0.0, 0.0, 0.0, 0.0, 1.0],
                [0.892502, 0.314301, 0.323505, -0.0, 0.055796, 0.634792, -0.770665, 0.4, -0.447579, 0.70587, 0.549016, -0.0, 0.0, 0.0, 0.0, 1.0],
                [0.956588, 0.021943, -0.290616, 0.0, -0.010103, 0.999058, 0.04218, 0.4, 0.291268, -0.037412, 0.95591, -0.0, 0.0, 0.0, 0.0, 1.0]
            ]
        },
        {
            "name": "Shoulder_R",
            "time": [0.0, 0.4167, 4.6667, 5.0],
            "transform": [
                [-0.224873, 0.889421, 0.397958, 0.0, 0.027309, -0.402508, 0.915008, 0.4, 0.974006, 0.21663, 0.066223, -0.0, 0.0, 0.0, 0.0, 1.0],
                [0.046391, 0.950294, 0.30788, -0.0, 0.490309, -0.290193, 0.821818, 0.4, 0.870313, 0.112832, -0.4794, -0.0, 0.0, 0.0, 0.0, 1.0],
                [0.046391, 0.950294, 0.30788, -0.0, 0.490309, -0.290193, 0.821818, 0.4, 0.870313, 0.112832, -0.4794, -0.0, 0.0, 0.0, 0.0, 1.0],
                [-0.224873, 0.889421, 0.397958, 0.0, 0.027309, -0.402508, 0.915008, 0.4, 0.974006, 0.21663, 0.066223, -0.0, 0.0, 0.0, 0.0, 1.0]
            ]
        },
        {
            "name": "Arm_R",
            "time": [0.0, 0.2167, 0.4167, 4.6667, 5.0],